-- phpMyAdmin SQL Dump
-- version 3.5.1
-- http://www.phpmyadmin.net
--
-- Host: 127.0.0.1
-- Generation Time: Jul 06, 2016 at 01:38 AM
-- Server version: 5.6.22-log
-- PHP Version: 5.4.35

SET SQL_MODE="NO_AUTO_VALUE_ON_ZERO";
SET time_zone = "+00:00";


/*!40101 SET @OLD_CHARACTER_SET_CLIENT=@@CHARACTER_SET_CLIENT */;
/*!40101 SET @OLD_CHARACTER_SET_RESULTS=@@CHARACTER_SET_RESULTS */;
/*!40101 SET @OLD_COLLATION_CONNECTION=@@COLLATION_CONNECTION */;
/*!40101 SET NAMES utf8 */;

--
-- Database: `auto_cut`
--

-- --------------------------------------------------------

--
-- Table structure for table `car_characteristic`
--

CREATE TABLE IF NOT EXISTS `car_characteristic` (
  `id_car_characteristic` int(8) NOT NULL AUTO_INCREMENT COMMENT 'id',
  `name` varchar(255) DEFAULT NULL,
  `id_parent` int(8) DEFAULT NULL,
  `date_create` int(10) unsigned DEFAULT NULL,
  `date_update` int(10) unsigned DEFAULT NULL,
  `id_car_type` int(8) NOT NULL,
  PRIMARY KEY (`id_car_characteristic`),
  KEY `name` (`name`,`id_parent`,`id_car_type`),
  KEY `id_car_type` (`id_car_type`)
) ENGINE=MyISAM  DEFAULT CHARSET=utf8 COMMENT='Характеристики автомобилей' AUTO_INCREMENT=1572 ;

--
-- Dumping data for table `car_characteristic`
--

INSERT INTO `car_characteristic` (`id_car_characteristic`, `name`, `id_parent`, `date_create`, `date_update`, `id_car_type`) VALUES
(4, 'Количество мест', 1, 1398983409, 1446624003, 1),
(5, 'Длина', 1, 1398983409, 1446624003, 1),
(6, 'Ширина', 1, 1398983409, 1446624003, 1),
(7, 'Высота', 1, 1398983409, 1446624003, 1),
(8, 'Колёсная база', 1, 1398983409, 1464216277, 1),
(9, 'Колея передняя', 1, 1398983409, 1446624003, 1),
(10, 'Колея задняя', 1, 1398983409, 1446624003, 1),
(12, 'Тип двигателя', 11, 1398983409, 1446624004, 1),
(13, 'Объем двигателя', 11, 1398983409, 1446624004, 1),
(14, 'Мощность двигателя', 11, 1398983409, 1464213794, 1),
(15, 'Обороты максимальной мощности', 11, 1398983409, 1464213827, 1),
(16, 'Максимальный крутящий момент', 11, 1398983409, 1462469007, 1),
(17, 'Тип впуска', 11, 1398983409, 1464214844, 1),
(19, 'Расположение цилиндров', 11, 1398983409, 1446624005, 1),
(20, 'Количество цилиндров', 11, 1398983409, 1446624005, 1),
(22, 'Марка топлива', 31, 1398983410, 1462406784, 1),
(24, 'Тип КПП', 23, 1398983410, 1446624008, 1),
(26, 'Количество передач', 23, 1398983410, 1427137980, 1),
(27, 'Привод', 23, 1398983410, 1464215754, 1),
(29, 'Передние тормоза', 40, 1398983410, 1446624009, 1),
(30, 'Задние тормоза', 40, 1398983410, 1446621088, 1),
(32, 'Максимальная скорость', 31, 1398983410, 1446621068, 1),
(33, 'Разгон до 100 км/ч', 31, 1398983410, 1462471638, 1),
(34, 'Снаряженная масса', 1, 1398983410, 1446621089, 1),
(35, 'Объём топливного бака', 31, 1398983410, 1446621089, 1),
(37, 'Экологический стандарт', 31, 1398983410, 1464213039, 1),
(38, 'Дорожный просвет', 1, 1398984605, 1446624003, 1),
(39, 'Количество клапанов на цилиндр', 11, 1398984605, 1464215387, 1),
(41, 'Передняя подвеска', 40, 1398984605, 1464218670, 1),
(42, 'Задняя подвеска', 40, 1398984605, 1464218686, 1),
(44, 'Объем багажника максимальный', 1, 1398984608, 1446621073, 1),
(45, 'Объем багажника минимальный', 1, 1398984608, 1446621083, 1),
(46, 'Тип наддува', 11, 1398984608, 1462407102, 1),
(47, 'Диаметр цилиндра', 11, 1398984608, 1427137982, 1),
(48, 'Ход поршня', 11, 1398984608, 1427137982, 1),
(50, 'Расход топлива в городе на 100 км', 31, 1398984608, 1462472278, 1),
(51, 'Расход топлива на шоссе на 100 км', 31, 1398984608, 1462472301, 1),
(52, 'Расход топлива в смешанном цикле на 100 км', 31, 1398984611, 1462472318, 1),
(57, 'Диаметр разворота', 23, 1398989710, 1446620964, 1),
(58, 'Полная масса', 1, 1398991812, 1462471362, 1),
(62, 'Запас хода', 31, 1399122086, 1446577601, 1),
(1564, 'Обороты максимального крутящего момента', 11, 1464214445, NULL, 1),
(1565, 'Грузоподъёмность', 1, 1464218477, NULL, 1),
(1566, 'Наличие интеркулера', 11, 1464300165, NULL, 1),
(1567, 'Разрешённая масса автопоезда', 1, 1464300461, NULL, 1),
(1568, 'Нагрузка на переднюю/заднюю ось', 1, 1464300795, NULL, 1),
(1570, 'Грузовой отсек (Длина x Ширина x Высота)', 1, 1464378606, NULL, 1);

-- --------------------------------------------------------

--
-- Table structure for table `car_characteristic_value`
--

CREATE TABLE IF NOT EXISTS `car_characteristic_value` (
  `id_car_characteristic_value` int(8) NOT NULL AUTO_INCREMENT,
  `value` varchar(255) NOT NULL,
  `unit` varchar(255) DEFAULT NULL COMMENT 'Еденица измерения',
  `id_car_characteristic` int(8) NOT NULL,
  `id_car_modification` int(8) NOT NULL,
  `date_create` int(10) unsigned DEFAULT NULL,
  `date_update` int(10) unsigned DEFAULT NULL,
  `id_car_type` int(8) NOT NULL,
  PRIMARY KEY (`id_car_characteristic_value`),
  UNIQUE KEY `id_characteristic` (`id_car_characteristic`,`id_car_modification`),
  UNIQUE KEY `id_car_characteristic` (`id_car_characteristic`,`id_car_modification`,`id_car_type`),
  KEY `id_car_type` (`id_car_type`),
  KEY `id_car_type_2` (`id_car_type`)
) ENGINE=MyISAM  DEFAULT CHARSET=utf8 COMMENT='Значения характеристик автомобиля' AUTO_INCREMENT=35352855 ;

--
-- Dumping data for table `car_characteristic_value`
--

INSERT INTO `car_characteristic_value` (`id_car_characteristic_value`, `value`, `unit`, `id_car_characteristic`, `id_car_modification`, `date_create`, `date_update`, `id_car_type`) VALUES
(10776258, '5', NULL, 4, 32818, 1402970740, NULL, 1),
(10776259, '1900', 'мм', 6, 32818, 1402970742, 1464382204, 1),
(10776260, '4999', 'мм', 5, 32818, 1402970741, NULL, 1),
(10776261, '1560', 'мм', 7, 32818, 1402970742, 1464382204, 1),
(10776262, '2797', 'мм', 8, 32818, 1402970743, NULL, 1),
(10776263, '1648', 'мм', 9, 32818, 1402970744, NULL, 1),
(10776264, '457', 'л', 45, 32818, 1402970747, NULL, 1),
(10776265, '1648', 'мм', 10, 32818, 1402970745, NULL, 1),
(10776266, '205', 'мм', 38, 32818, 1402970745, NULL, 1),
(10776267, '1452', 'л', 44, 32818, 1402970746, 1464382204, 1),
(10776268, 'Бензиновый', NULL, 12, 32818, 1402970748, 1464382204, 1),
(10776269, '3471', 'см3', 13, 32818, 1402970749, 1417093622, 1),
(10776270, '275', 'л.с.', 14, 32818, 1402970749, NULL, 1),
(10776271, '6200', 'об/мин', 15, 32818, 1402970750, NULL, 1),
(10776272, '339', 'Н*м', 16, 32818, 1412112263, 1464382204, 1),
(10776273, 'Распределенный впрыск', NULL, 17, 32818, 1402970752, 1464382204, 1),
(10776275, 'V-образный', NULL, 19, 32818, 1402970753, NULL, 1),
(10776276, '6', NULL, 20, 32818, 1402970754, NULL, 1),
(10776277, '89', 'мм', 47, 32818, 1402970754, NULL, 1),
(10776278, '93', 'мм', 48, 32818, 1402970755, NULL, 1),
(10776280, '4', NULL, 39, 32818, 1402970757, NULL, 1),
(10776281, 'АИ-95', NULL, 22, 32818, 1402970757, NULL, 1),
(10776282, 'Независимая, Многорычажная', NULL, 41, 32818, 1402970758, 1464382204, 1),
(10776283, 'Независимая, Многорычажная', NULL, 42, 32818, 1402970759, 1464382204, 1),
(10776284, 'Автомат', NULL, 24, 32818, 1402970759, NULL, 1),
(10776287, 'Полный подключаемый', NULL, 27, 32818, 1402970762, NULL, 1),
(10776288, 'Дисковые вентилируемые', NULL, 29, 32818, 1402970762, NULL, 1),
(10776289, 'Дисковые', NULL, 30, 32818, 1402970763, 1464382204, 1),
(10776290, '12', 'м', 57, 32818, 1402970764, NULL, 1),
(10776291, '190', 'км/ч', 32, 32818, 1402970765, 1464382204, 1),
(10776292, '8.9', 'сек', 33, 32818, 1402970765, 1464382204, 1),
(10776293, '14.7', 'л', 50, 32818, 1402970766, NULL, 1),
(10776294, '10.4', 'л', 51, 32818, 1402970767, NULL, 1),
(10776295, '11.2', 'л', 52, 32818, 1402970767, NULL, 1),
(10776296, '1846', 'кг', 34, 32818, 1402970768, 1464382204, 1),
(10776297, '2300', 'кг', 58, 32818, 1402970769, NULL, 1),
(10776298, '70', 'л', 35, 32818, 1402970770, NULL, 1),
(11805986, '5', NULL, 4, 18009, 1402326706, NULL, 1),
(11805987, '1900', 'мм', 6, 18009, 1402326707, 1464379166, 1),
(11805988, '5020', 'мм', 5, 18009, 1402326706, 1464379166, 1),
(11805989, '1560', 'мм', 7, 18009, 1402326707, 1464379166, 1),
(11805990, '2800', 'мм', 8, 18009, 1402326708, 1464379166, 1),
(11805991, '1665', 'мм', 9, 18009, 1402326708, 1464379166, 1),
(11805992, '457', 'л', 45, 18009, 1402326710, NULL, 1),
(11805993, '1665', 'мм', 10, 18009, 1402326708, 1464379166, 1),
(11805994, '205', 'мм', 38, 18009, 1402326709, NULL, 1),
(11805995, '728', 'л', 44, 18009, 1402326709, 1464379166, 1),
(11805996, 'Бензиновый', NULL, 12, 18009, 1402326710, 1464379165, 1),
(11805997, '2354', 'см3', 13, 18009, 1402326711, 1417042924, 1),
(11805998, '194', 'л.с.', 14, 18009, 1402326711, NULL, 1),
(11805999, '7000', 'об/мин', 15, 18009, 1402326712, NULL, 1),
(11806000, '220', 'Н*м', 16, 18009, 1411982459, 1464379165, 1),
(11806001, 'Распределенный впрыск', NULL, 17, 18009, 1402326712, NULL, 1),
(11806003, 'Рядный', NULL, 19, 18009, 1402326713, NULL, 1),
(11806004, '4', NULL, 20, 18009, 1402326714, NULL, 1),
(11806005, '87', 'мм', 47, 18009, 1402326714, NULL, 1),
(11806006, '99', 'мм', 48, 18009, 1402326715, NULL, 1),
(11806008, '4', NULL, 39, 18009, 1402326716, NULL, 1),
(11806009, 'АИ-92', NULL, 22, 18009, 1402326716, 1464379165, 1),
(11806010, 'Независимая, На двойных поперечных рычагах, Стабилизатор поперечной устойчивости', NULL, 41, 18009, 1402326716, 1464379166, 1),
(11806011, 'Независимая, Многорычажная, Стабилизатор поперечной устойчивости', NULL, 42, 18009, 1402326717, 1464379166, 1),
(11806012, 'Автомат', NULL, 24, 18009, 1402326717, NULL, 1),
(11806015, 'Передний', NULL, 27, 18009, 1402326719, NULL, 1),
(11806016, 'Дисковые вентилируемые', NULL, 29, 18009, 1402326719, NULL, 1),
(11806017, 'Дисковые', NULL, 30, 18009, 1402326720, NULL, 1),
(11806018, '12.2', 'м', 57, 18009, 1402326720, 1464379166, 1),
(11806020, '190', 'км/ч', 32, 18009, 1402326721, 1464379165, 1),
(11806021, '11.1', 'сек', 33, 18009, 1402326722, 1464379165, 1),
(11806022, '12', 'л', 50, 18009, 1402326722, NULL, 1),
(11806023, '6.4', 'л', 51, 18009, 1402326722, NULL, 1),
(11806024, '8.4', 'л', 52, 18009, 1402326723, NULL, 1),
(11806025, '1698', 'кг', 34, 18009, 1402326723, 1464379166, 1),
(11806026, '70', 'л', 35, 18009, 1402326724, NULL, 1),
(11806030, '5', NULL, 4, 18010, 1402326730, NULL, 1),
(11806031, '1900', 'мм', 6, 18010, 1402326731, 1464379166, 1),
(11806032, '4999', 'мм', 5, 18010, 1402326731, 1464379166, 1),
(11806033, '1560', 'мм', 7, 18010, 1402326732, 1464379166, 1),
(11806034, '2797', 'мм', 8, 18010, 1402326732, NULL, 1),
(11806035, '1665', 'мм', 9, 18010, 1402326733, 1464379166, 1),
(11806036, '457', 'л', 45, 18010, 1402326734, NULL, 1),
(11806037, '1665', 'мм', 10, 18010, 1402326733, 1464379166, 1),
(11806038, '205', 'мм', 38, 18010, 1402326733, 1464379166, 1),
(11806039, '757', 'л', 44, 18010, 1402326734, NULL, 1),
(11806040, 'Бензиновый', NULL, 12, 18010, 1402326735, 1464379166, 1),
(11806041, '3471', 'см3', 13, 18010, 1402326735, 1417042928, 1),
(11806042, '281', 'л.с.', 14, 18010, 1402326736, NULL, 1),
(11806043, '6200', 'об/мин', 15, 18010, 1402326736, NULL, 1),
(11806044, '342', 'Н*м', 16, 18010, 1411982462, 1464379166, 1),
(11806045, 'Распределенный впрыск', NULL, 17, 18010, 1402326737, 1464379166, 1),
(11806047, 'V-образный', NULL, 19, 18010, 1402326738, NULL, 1),
(11806048, '6', NULL, 20, 18010, 1402326738, NULL, 1),
(11806049, '89', 'мм', 47, 18010, 1402326739, NULL, 1),
(11806050, '93', 'мм', 48, 18010, 1402326739, NULL, 1),
(11806052, '4', NULL, 39, 18010, 1402326740, NULL, 1),
(11806053, 'АИ-92', NULL, 22, 18010, 1402326740, 1464379166, 1),
(11806054, 'Независимая, На двойных поперечных рычагах, Стабилизатор поперечной устойчивости', NULL, 41, 18010, 1402326741, 1464379166, 1),
(11806055, 'Независимая, Многорычажная, Стабилизатор поперечной устойчивости', NULL, 42, 18010, 1402326741, 1464379166, 1),
(11806056, 'Автомат', NULL, 24, 18010, 1402326742, NULL, 1),
(11806059, 'Передний', NULL, 27, 18010, 1402326743, NULL, 1),
(11806060, 'Дисковые вентилируемые', NULL, 29, 18010, 1402326744, NULL, 1),
(11806061, 'Дисковые', NULL, 30, 18010, 1402326744, NULL, 1),
(11806062, '12.2', 'м', 57, 18010, 1402326744, 1464379166, 1),
(11806064, '14.4', 'л', 50, 18010, 1402326745, 1464379166, 1),
(11806065, '7.2', 'л', 51, 18010, 1402326746, 1464379166, 1),
(11806066, '9.8', 'л', 52, 18010, 1402326746, 1464379166, 1),
(11806067, '1865', 'кг', 34, 18010, 1402326746, 1464379166, 1),
(11806068, '70', 'л', 35, 18010, 1402326747, NULL, 1),
(11806072, '5', NULL, 4, 18011, 1402326756, NULL, 1),
(11806073, '1900', 'мм', 6, 18011, 1402326757, 1464379166, 1),
(11806074, '5020', 'мм', 5, 18011, 1402326757, 1464379166, 1),
(11806075, '1560', 'мм', 7, 18011, 1402326757, 1464379166, 1),
(11806076, '2800', 'мм', 8, 18011, 1402326758, 1464379166, 1),
(11806077, '1665', 'мм', 9, 18011, 1402326758, 1464379166, 1),
(11806078, '457', 'л', 45, 18011, 1402326760, NULL, 1),
(11806079, '1665', 'мм', 10, 18011, 1402326759, 1464379166, 1),
(11806080, '205', 'мм', 38, 18011, 1402326759, 1464379166, 1),
(11806081, '728', 'л', 44, 18011, 1402326760, 1464379166, 1),
(11806082, 'Бензиновый', NULL, 12, 18011, 1402326761, 1464379166, 1),
(11806083, '3471', 'см3', 13, 18011, 1402326761, 1417042939, 1),
(11806084, '281', 'л.с.', 14, 18011, 1402326761, NULL, 1),
(11806085, '6200', 'об/мин', 15, 18011, 1402326762, NULL, 1),
(11806086, '342', 'Н*м', 16, 18011, 1411982465, 1464379166, 1),
(11806087, 'Распределенный впрыск', NULL, 17, 18011, 1402326763, 1464379166, 1),
(11806089, 'V-образный', NULL, 19, 18011, 1402326764, NULL, 1),
(11806090, '6', NULL, 20, 18011, 1402326764, NULL, 1),
(11806091, '89', 'мм', 47, 18011, 1402326764, NULL, 1),
(11806092, '93', 'мм', 48, 18011, 1402326765, NULL, 1),
(11806094, '4', NULL, 39, 18011, 1402326766, NULL, 1),
(11806095, 'АИ-92', NULL, 22, 18011, 1402326766, 1464379166, 1),
(11806096, 'Независимая, На двойных поперечных рычагах, Стабилизатор поперечной устойчивости', NULL, 41, 18011, 1402326767, 1464379166, 1),
(11806097, 'Независимая, Многорычажная, Стабилизатор поперечной устойчивости', NULL, 42, 18011, 1402326767, 1464379166, 1),
(11806098, 'Автомат', NULL, 24, 18011, 1402326768, NULL, 1),
(11806101, 'Полный подключаемый', NULL, 27, 18011, 1402326769, NULL, 1),
(11806102, 'Дисковые вентилируемые', NULL, 29, 18011, 1402326769, NULL, 1),
(11806103, 'Дисковые вентилируемые', NULL, 30, 18011, 1402326770, 1464379166, 1),
(11806104, '12.2', 'м', 57, 18011, 1402326770, 1464379166, 1),
(11806106, '194', 'км/ч', 32, 18011, 1402326771, 1464379166, 1),
(11806107, '8.1', 'сек', 33, 18011, 1402326772, 1464379166, 1),
(11806108, '14.4', 'л', 50, 18011, 1402326772, NULL, 1),
(11806109, '7.2', 'л', 51, 18011, 1402326772, NULL, 1),
(11806110, '9.8', 'л', 52, 18011, 1402326773, NULL, 1),
(35070771, '155', 'мм', 38, 212471, 1464407074, NULL, 1),
(35070772, '1310', 'кг', 34, 212471, 1464407074, NULL, 1),
(35070773, 'Стойки МакФерсон', NULL, 41, 212471, 1464407074, NULL, 1),
(35070774, 'De-Dion', NULL, 42, 212471, 1464407074, NULL, 1),
(35070775, 'Дисковые вентилируемые', NULL, 29, 212471, 1464407074, NULL, 1),
(35070776, 'Барабанные', NULL, 30, 212471, 1464407074, NULL, 1),
(35070777, '42', 'л', 35, 212472, 1464407111, NULL, 1),
(35070778, 'АИ-95', NULL, 22, 212472, 1464407111, NULL, 1),
(35070779, '1496', 'см3', 13, 212472, 1464407111, NULL, 1),
(35070780, '110', 'л.с.', 14, 212472, 1464407111, NULL, 1),
(35070781, '5800', 'об/мин', 15, 212472, 1464407111, NULL, 1),
(35070782, '143', 'Н*м', 16, 212472, 1464407111, NULL, 1),
(35070783, '4800', 'об/мин', 1564, 212472, 1464407111, NULL, 1),
(35070784, 'Бензиновый', NULL, 12, 212472, 1464407111, NULL, 1),
(35070785, 'Рядный', NULL, 19, 212472, 1464407111, NULL, 1),
(35070786, 'Распределенный впрыск', NULL, 17, 212472, 1464407111, NULL, 1),
(35070787, '4', NULL, 20, 212472, 1464407111, NULL, 1),
(35070788, '4', NULL, 39, 212472, 1464407111, NULL, 1),
(35070789, '73', 'мм', 47, 212472, 1464407111, NULL, 1),
(35070790, '89.4', 'мм', 48, 212472, 1464407111, NULL, 1),
(35070791, 'Вариатор', NULL, 24, 212472, 1464407111, NULL, 1),
(35070792, 'Передний', NULL, 27, 212472, 1464407111, NULL, 1),
(35070793, '10.6', 'м', 57, 212472, 1464407111, NULL, 1),
(35070794, '5', NULL, 4, 212472, 1464407111, NULL, 1),
(35070795, '4125', 'мм', 5, 212472, 1464407111, NULL, 1),
(35070796, '1695', 'мм', 6, 212472, 1464407111, NULL, 1),
(35070797, '1705', 'мм', 7, 212472, 1464407111, NULL, 1),
(35070798, '2740', 'мм', 8, 212472, 1464407111, NULL, 1),
(35070799, '1460', 'мм', 9, 212472, 1464407111, NULL, 1),
(35070800, '1440', 'мм', 10, 212472, 1464407111, NULL, 1),
(35070801, '155', 'мм', 38, 212472, 1464407111, NULL, 1),
(35070802, '1240', 'кг', 34, 212472, 1464407111, NULL, 1),
(35070803, 'Стойки МакФерсон', NULL, 41, 212472, 1464407111, NULL, 1),
(35070804, 'Зависимая, Балка, Пружинная', NULL, 42, 212472, 1464407111, NULL, 1),
(35070805, 'Дисковые вентилируемые', NULL, 29, 212472, 1464407111, NULL, 1),
(35070806, 'Барабанные', NULL, 30, 212472, 1464407111, NULL, 1),
(35070807, '42', 'л', 35, 212473, 1464407111, NULL, 1),
(35070808, 'АИ-95', NULL, 22, 212473, 1464407111, NULL, 1),
(35070809, '1496', 'см3', 13, 212473, 1464407111, NULL, 1),
(35070810, '110', 'л.с.', 14, 212473, 1464407111, NULL, 1),
(35070811, '5800', 'об/мин', 15, 212473, 1464407111, NULL, 1),
(35070812, '143', 'Н*м', 16, 212473, 1464407111, NULL, 1),
(35070813, '4800', 'об/мин', 1564, 212473, 1464407111, NULL, 1),
(35070814, 'Бензиновый', NULL, 12, 212473, 1464407111, NULL, 1),
(35070815, 'Рядный', NULL, 19, 212473, 1464407111, NULL, 1),
(35070816, 'Распределенный впрыск', NULL, 17, 212473, 1464407111, NULL, 1),
(35070817, '4', NULL, 20, 212473, 1464407111, NULL, 1),
(35070818, '4', NULL, 39, 212473, 1464407111, NULL, 1),
(35070819, '73', 'мм', 47, 212473, 1464407111, NULL, 1),
(35070820, '89.4', 'мм', 48, 212473, 1464407111, NULL, 1),
(35070821, 'Вариатор', NULL, 24, 212473, 1464407111, NULL, 1),
(35070822, 'Полный', NULL, 27, 212473, 1464407111, NULL, 1),
(35070823, '10.6', 'м', 57, 212473, 1464407111, NULL, 1),
(35070824, '5', NULL, 4, 212473, 1464407111, NULL, 1),
(35070825, '4110', 'мм', 5, 212473, 1464407111, NULL, 1),
(35070826, '1695', 'мм', 6, 212473, 1464407111, NULL, 1),
(35070827, '1760', 'мм', 7, 212473, 1464407111, NULL, 1),
(35070828, '2740', 'мм', 8, 212473, 1464407111, NULL, 1),
(35070829, '1460', 'мм', 9, 212473, 1464407111, NULL, 1),
(35070830, '1440', 'мм', 10, 212473, 1464407111, NULL, 1),
(35070831, '155', 'мм', 38, 212473, 1464407111, NULL, 1),
(35070832, '1310', 'кг', 34, 212473, 1464407111, NULL, 1),
(35070833, 'Стойки МакФерсон', NULL, 41, 212473, 1464407111, NULL, 1),
(35070834, 'De-Dion', NULL, 42, 212473, 1464407111, NULL, 1),
(35070835, 'Дисковые вентилируемые', NULL, 29, 212473, 1464407111, NULL, 1),
(35070836, 'Барабанные', NULL, 30, 212473, 1464407111, NULL, 1),
(35070837, '42', 'л', 35, 212474, 1464407112, NULL, 1),
(35070838, 'АИ-95', NULL, 22, 212474, 1464407112, NULL, 1),
(35070839, '1496', 'см3', 13, 212474, 1464407112, NULL, 1),
(35070840, '110', 'л.с.', 14, 212474, 1464407112, NULL, 1),
(35070841, '5800', 'об/мин', 15, 212474, 1464407112, NULL, 1),
(35070842, '143', 'Н*м', 16, 212474, 1464407112, NULL, 1),
(35070843, '4800', 'об/мин', 1564, 212474, 1464407112, NULL, 1),
(35070844, 'Бензиновый', NULL, 12, 212474, 1464407112, NULL, 1),
(35070845, 'Рядный', NULL, 19, 212474, 1464407112, NULL, 1),
(35070846, 'Распределенный впрыск', NULL, 17, 212474, 1464407112, NULL, 1),
(35070847, '4', NULL, 20, 212474, 1464407112, NULL, 1),
(35070848, '4', NULL, 39, 212474, 1464407112, NULL, 1),
(35070849, '73', 'мм', 47, 212474, 1464407112, NULL, 1),
(35070850, '89.4', 'мм', 48, 212474, 1464407112, NULL, 1),
(35070851, 'Вариатор', NULL, 24, 212474, 1464407112, NULL, 1),
(35070852, 'Передний', NULL, 27, 212474, 1464407112, NULL, 1),
(35070853, '10.6', 'м', 57, 212474, 1464407112, NULL, 1),
(35070854, '5', NULL, 4, 212474, 1464407112, NULL, 1),
(35070855, '4110', 'мм', 5, 212474, 1464407112, NULL, 1),
(35070856, '1695', 'мм', 6, 212474, 1464407112, NULL, 1),
(35070857, '1740', 'мм', 7, 212474, 1464407112, NULL, 1),
(35070858, '2740', 'мм', 8, 212474, 1464407112, NULL, 1),
(35070859, '1460', 'мм', 9, 212474, 1464407112, NULL, 1),
(35070860, '1440', 'мм', 10, 212474, 1464407112, NULL, 1),
(35070861, '155', 'мм', 38, 212474, 1464407112, NULL, 1),
(35070862, '1260', 'кг', 34, 212474, 1464407112, NULL, 1),
(35070863, 'Стойки МакФерсон', NULL, 41, 212474, 1464407112, NULL, 1),
(35070864, 'Зависимая, Балка, Пружинная', NULL, 42, 212474, 1464407112, NULL, 1),
(35070865, 'Дисковые вентилируемые', NULL, 29, 212474, 1464407112, NULL, 1),
(35070866, 'Барабанные', NULL, 30, 212474, 1464407112, NULL, 1),
(35076966, '12.4', 'л', 50, 212623, 1464407186, NULL, 1),
(35076967, '8.2', 'л', 51, 212623, 1464407186, NULL, 1),
(35076968, '70', 'л', 35, 212623, 1464407186, NULL, 1),
(35076969, 'от 560 до 850', 'км', 62, 212623, 1464407186, NULL, 1),
(35076970, 'АИ-95', NULL, 22, 212623, 1464407186, NULL, 1),
(35076971, '210', 'км/ч', 32, 212623, 1464407186, NULL, 1),
(35076972, '8.2', 'сек', 33, 212623, 1464407186, NULL, 1),
(35076973, '3498', 'см3', 13, 212623, 1464407186, NULL, 1),
(35076974, '255', 'л.с.', 14, 212623, 1464407186, NULL, 1),
(35076975, '5800', 'об/мин', 15, 212623, 1464407186, NULL, 1),
(35076976, '333', 'Н*м', 16, 212623, 1464407186, NULL, 1),
(35076977, '4400', 'об/мин', 1564, 212623, 1464407186, NULL, 1),
(35076978, 'Бензиновый', NULL, 12, 212623, 1464407186, NULL, 1),
(35076979, 'V-образный', NULL, 19, 212623, 1464407186, NULL, 1),
(35076980, 'Распределенный впрыск', NULL, 17, 212623, 1464407186, NULL, 1),
(35076981, '4', NULL, 20, 212623, 1464407186, NULL, 1),
(35076982, '4', NULL, 39, 212623, 1464407186, NULL, 1),
(35076983, '95.5', 'мм', 47, 212623, 1464407186, NULL, 1),
(35076984, '81.4', 'мм', 48, 212623, 1464407186, NULL, 1),
(35076985, 'Автомат', NULL, 24, 212623, 1464407186, NULL, 1),
(35076986, '4', NULL, 26, 212623, 1464407186, NULL, 1),
(35076987, 'Передний', NULL, 27, 212623, 1464407186, NULL, 1),
(35076988, '5', NULL, 4, 212623, 1464407186, NULL, 1),
(35076989, '4920', 'мм', 5, 212623, 1464407186, NULL, 1),
(35076990, '1785', 'мм', 6, 212623, 1464407186, NULL, 1),
(35076991, '1430', 'мм', 7, 212623, 1464407186, NULL, 1),
(35076992, '2750', 'мм', 8, 212623, 1464407186, NULL, 1),
(35076993, '1530', 'мм', 9, 212623, 1464407186, NULL, 1),
(35076994, '1510', 'мм', 10, 212623, 1464407186, NULL, 1),
(35076995, '140', 'мм', 38, 212623, 1464407186, NULL, 1),
(35076996, '1515', 'кг', 34, 212623, 1464407186, NULL, 1),
(35076997, 'Винтовые пружины', NULL, 41, 212623, 1464407186, NULL, 1),
(35076998, 'Винтовые пружины', NULL, 42, 212623, 1464407186, NULL, 1),
(35076999, 'Дисковые вентилируемые', NULL, 29, 212623, 1464407186, NULL, 1),
(35077000, 'Дисковые', NULL, 30, 212623, 1464407186, NULL, 1),
(35077001, '11.8', 'л', 50, 212624, 1464407186, NULL, 1),
(35077002, '8.4', 'л', 51, 212624, 1464407186, NULL, 1),
(35077003, '70', 'л', 35, 212624, 1464407186, NULL, 1),
(35077004, 'от 590 до 830', 'км', 62, 212624, 1464407186, NULL, 1),
(35077005, 'АИ-95', NULL, 22, 212624, 1464407186, NULL, 1),
(35077006, '210', 'км/ч', 32, 212624, 1464407186, NULL, 1),
(35077007, '8.3', 'сек', 33, 212624, 1464407186, NULL, 1),
(35077008, '2988', 'см3', 13, 212624, 1464407186, NULL, 1),
(35077009, '230', 'л.с.', 14, 212624, 1464407186, NULL, 1),
(35077010, '6400', 'об/мин', 15, 212624, 1464407186, NULL, 1),
(35077011, '294', 'Н*м', 16, 212624, 1464407186, NULL, 1),
(35077012, '4000', 'об/мин', 1564, 212624, 1464407186, NULL, 1),
(35077013, 'Бензиновый', NULL, 12, 212624, 1464407186, NULL, 1),
(35077014, 'V-образный', NULL, 19, 212624, 1464407186, NULL, 1),
(35077015, 'Инжектор', NULL, 17, 212624, 1464407186, NULL, 1),
(35077016, '6', NULL, 20, 212624, 1464407186, NULL, 1),
(35077017, '4', NULL, 39, 212624, 1464407186, NULL, 1),
(35077018, '93', 'мм', 47, 212624, 1464407186, NULL, 1),
(35077019, '73', 'мм', 48, 212624, 1464407186, NULL, 1),
(35077020, 'Механика', NULL, 24, 212624, 1464407186, NULL, 1),
(35077021, '5', NULL, 26, 212624, 1464407186, NULL, 1),
(35077022, 'Передний', NULL, 27, 212624, 1464407186, NULL, 1),
(35077023, '5', NULL, 4, 212624, 1464407186, NULL, 1),
(35077024, '4920', 'мм', 5, 212624, 1464407186, NULL, 1),
(35077025, '1786', 'мм', 6, 212624, 1464407186, NULL, 1),
(35077026, '1435', 'мм', 7, 212624, 1464407186, NULL, 1),
(35077027, '2751', 'мм', 8, 212624, 1464407186, NULL, 1),
(35077028, '1530', 'мм', 9, 212624, 1464407186, NULL, 1),
(35077029, '1510', 'мм', 10, 212624, 1464407186, NULL, 1),
(35077030, '1555', 'кг', 34, 212624, 1464407186, NULL, 1),
(35077031, '454', 'л', 45, 212624, 1464407186, NULL, 1),
(35077032, '454', 'л', 44, 212624, 1464407186, NULL, 1),
(35077033, 'Винтовые пружины', NULL, 41, 212624, 1464407186, NULL, 1),
(35077034, 'Винтовые пружины', NULL, 42, 212624, 1464407186, NULL, 1),
(35077035, 'Дисковые вентилируемые', NULL, 29, 212624, 1464407186, NULL, 1),
(35077036, 'Дисковые', NULL, 30, 212624, 1464407186, NULL, 1),
(35077037, '12.4', 'л', 50, 212625, 1464407187, NULL, 1),
(35077038, '9', 'л', 51, 212625, 1464407187, NULL, 1),
(35077039, '70', 'л', 35, 212625, 1464407187, NULL, 1),
(35077040, 'от 560 до 780', 'км', 62, 212625, 1464407187, NULL, 1),
(35077041, 'АИ-95', NULL, 22, 212625, 1464407187, NULL, 1),
(35077042, '210', 'км/ч', 32, 212625, 1464407187, NULL, 1),
(35077043, '8.2', 'сек', 33, 212625, 1464407187, NULL, 1),
(35077044, '3498', 'см3', 13, 212625, 1464407187, NULL, 1),
(35077045, '255', 'л.с.', 14, 212625, 1464407187, NULL, 1),
(35077046, '5800', 'об/мин', 15, 212625, 1464407187, NULL, 1),
(35077047, '333', 'Н*м', 16, 212625, 1464407187, NULL, 1),
(35077048, '4400', 'об/мин', 1564, 212625, 1464407187, NULL, 1),
(35077049, 'Бензиновый', NULL, 12, 212625, 1464407187, NULL, 1),
(35077050, 'V-образный', NULL, 19, 212625, 1464407187, NULL, 1),
(35077051, 'Распределенный впрыск', NULL, 17, 212625, 1464407187, NULL, 1),
(35077052, '4', NULL, 20, 212625, 1464407187, NULL, 1),
(35077053, '4', NULL, 39, 212625, 1464407187, NULL, 1),
(35077054, '95', 'мм', 47, 212625, 1464407187, NULL, 1),
(35077055, '81', 'мм', 48, 212625, 1464407187, NULL, 1),
(35077056, 'Автомат', NULL, 24, 212625, 1464407187, NULL, 1),
(35077057, '4', NULL, 26, 212625, 1464407187, NULL, 1),
(35077058, 'Передний', NULL, 27, 212625, 1464407187, NULL, 1),
(35077059, '5', NULL, 4, 212625, 1464407187, NULL, 1),
(35077060, '4920', 'мм', 5, 212625, 1464407187, NULL, 1),
(35077061, '1785', 'мм', 6, 212625, 1464407187, NULL, 1),
(35077062, '1430', 'мм', 7, 212625, 1464407187, NULL, 1),
(35077063, '2750', 'мм', 8, 212625, 1464407187, NULL, 1),
(35077064, '1530', 'мм', 9, 212625, 1464407187, NULL, 1),
(35077065, '1510', 'мм', 10, 212625, 1464407187, NULL, 1),
(35077066, '140', 'мм', 38, 212625, 1464407187, NULL, 1),
(35077067, '1515', 'кг', 34, 212625, 1464407187, NULL, 1),
(35077068, '420', 'л', 45, 212625, 1464407187, NULL, 1),
(35077069, '420', 'л', 44, 212625, 1464407187, NULL, 1),
(35077070, 'Винтовые пружины', NULL, 41, 212625, 1464407187, NULL, 1),
(35077071, 'Винтовые пружины', NULL, 42, 212625, 1464407187, NULL, 1),
(35077072, 'Дисковые вентилируемые', NULL, 29, 212625, 1464407187, NULL, 1),
(35077073, 'Дисковые', NULL, 30, 212625, 1464407187, NULL, 1),
(35077074, '11', 'л', 50, 212626, 1464407187, NULL, 1),
(35077075, '8', 'л', 51, 212626, 1464407187, NULL, 1),
(35077076, '70', 'л', 35, 212626, 1464407187, NULL, 1),
(35077077, 'от 640 до 880', 'км', 62, 212626, 1464407187, NULL, 1),
(35077078, 'АИ-95', NULL, 22, 212626, 1464407187, NULL, 1),
(35077079, '205', 'км/ч', 32, 212626, 1464407187, NULL, 1),
(35077080, '7.7', 'сек', 33, 212626, 1464407187, NULL, 1),
(35077081, '2988', 'см3', 13, 212626, 1464407187, NULL, 1),
(35077082, '193', 'л.с.', 14, 212626, 1464407187, NULL, 1),
(35077083, '5600', 'об/мин', 15, 212626, 1464407187, NULL, 1),
(35077084, '278', 'Н*м', 16, 212626, 1464407187, NULL, 1),
(35077085, '4000', 'об/мин', 1564, 212626, 1464407187, NULL, 1),
(35077086, 'Бензиновый', NULL, 12, 212626, 1464407187, NULL, 1),
(35077087, 'V-образный', NULL, 19, 212626, 1464407187, NULL, 1),
(35077088, 'Инжектор', NULL, 17, 212626, 1464407187, NULL, 1),
(35077089, '6', NULL, 20, 212626, 1464407187, NULL, 1),
(35077090, '4', NULL, 39, 212626, 1464407187, NULL, 1),
(35077091, '93', 'мм', 47, 212626, 1464407187, NULL, 1),
(35077092, '73', 'мм', 48, 212626, 1464407187, NULL, 1),
(35077093, 'Автомат', NULL, 24, 212626, 1464407187, NULL, 1),
(35077094, '4', NULL, 26, 212626, 1464407187, NULL, 1),
(35077095, 'Передний', NULL, 27, 212626, 1464407187, NULL, 1),
(35077096, '5', NULL, 4, 212626, 1464407187, NULL, 1),
(35077097, '4816', 'мм', 5, 212626, 1464407187, NULL, 1),
(35077098, '1770', 'мм', 6, 212626, 1464407187, NULL, 1),
(35077099, '1415', 'мм', 7, 212626, 1464407187, NULL, 1),
(35077100, '2700', 'мм', 8, 212626, 1464407187, NULL, 1),
(35077101, '1519', 'мм', 9, 212626, 1464407187, NULL, 1),
(35077102, '1500', 'мм', 10, 212626, 1464407187, NULL, 1),
(35077103, '140', 'мм', 38, 212626, 1464407187, NULL, 1),
(35077104, '1435', 'кг', 34, 212626, 1464407187, NULL, 1),
(35077105, '1940', 'кг', 58, 212626, 1464407187, NULL, 1),
(35077106, '440', 'л', 45, 212626, 1464407187, NULL, 1),
(35077107, '440', 'л', 44, 212626, 1464407187, NULL, 1),
(35077108, 'Винтовые пружины', NULL, 41, 212626, 1464407187, NULL, 1),
(35077109, 'Винтовые пружины', NULL, 42, 212626, 1464407187, NULL, 1),
(35077110, 'Дисковые вентилируемые', NULL, 29, 212626, 1464407187, NULL, 1),
(35077111, 'Дисковые', NULL, 30, 212626, 1464407187, NULL, 1);

-- --------------------------------------------------------

--
-- Table structure for table `car_equipment`
--

CREATE TABLE IF NOT EXISTS `car_equipment` (
  `id_car_equipment` int(8) NOT NULL AUTO_INCREMENT COMMENT 'id',
  `name` varchar(255) NOT NULL,
  `date_create` int(10) unsigned NOT NULL,
  `date_update` int(10) unsigned NOT NULL,
  `id_car_modification` int(8) NOT NULL,
  `price_min` int(8) DEFAULT NULL COMMENT 'Цена от',
  `id_car_type` int(8) NOT NULL,
  `year` int(8) DEFAULT NULL,
  PRIMARY KEY (`id_car_equipment`),
  KEY `id_car_type` (`id_car_type`),
  KEY `date_delete` (`id_car_type`)
) ENGINE=MyISAM  DEFAULT CHARSET=utf8 COMMENT='Комплектации' AUTO_INCREMENT=16140 ;

--
-- Dumping data for table `car_equipment`
--

INSERT INTO `car_equipment` (`id_car_equipment`, `name`, `date_create`, `date_update`, `id_car_modification`, `price_min`, `id_car_type`, `year`) VALUES
(282, 'Elite', 1463946785, 0, 187887, NULL, 1, 2013),
(283, 'Hi-Tech', 1463946785, 0, 187887, NULL, 1, 2013),
(284, 'Hi-Tech', 1463946785, 0, 187887, NULL, 1, 2012),
(285, 'Elite', 1463946786, 0, 187887, NULL, 1, 2012),
(286, 'Hi-Tech', 1463946786, 0, 187891, NULL, 1, 2012),
(287, 'Elite', 1463946786, 1464484352, 187891, NULL, 1, NULL),
(288, 'Hi-Tech', 1463946786, 0, 187891, NULL, 1, 2013),
(289, 'Elegance', 1463946788, 0, 187895, NULL, 1, 2012),
(290, 'Premium', 1463946788, 0, 187895, NULL, 1, 2012),
(291, 'Premium+Roof rail', 1463946788, 1464484357, 187895, NULL, 1, NULL),
(292, 'Elite', 1463946788, 0, 187895, NULL, 1, 2012),
(293, 'Hi -Tech', 1463946788, 0, 187895, NULL, 1, 2012),
(294, 'Elite+Roof rail', 1463946788, 1464484361, 187895, NULL, 1, NULL),
(295, 'Elegance', 1463946788, 0, 187895, NULL, 1, 2013),
(296, 'Premium', 1463946788, 0, 187895, NULL, 1, 2013),
(297, 'Hi-tech+ Roof rail', 1463946788, 1464484364, 187895, NULL, 1, NULL),
(298, 'Elite', 1463946789, 0, 187895, NULL, 1, 2013),
(10531, 'Sport', 1464045372, 0, 170563, 2979000, 1, NULL),
(10532, 'Hi-tech', 1464045373, 0, 170563, 3000000, 1, NULL),
(10533, 'Elite', 1464045374, 0, 170563, NULL, 1, 2014),
(10534, 'Hi-tech', 1464045375, 0, 170564, NULL, 1, 2014),
(10535, 'Sport', 1464045376, 0, 170564, NULL, 1, 2014),
(12172, 'Type-R Base', 1464062483, 0, 199638, NULL, 1, NULL),
(12173, 'Type-R Plus', 1464062484, 0, 199638, NULL, 1, NULL),
(12174, 'Special Edition', 1464062485, 0, 199638, NULL, 1, NULL),
(12206, 'Vettel Edition', 1464064366, 0, 200158, NULL, 1, NULL),
(12207, 'Hi-tech', 1464064368, 0, 200159, NULL, 1, 2012),
(12208, 'Hi-tech + wood', 1464064369, 0, 200159, NULL, 1, 2012),
(12209, 'Hi-tech + allum', 1464064370, 0, 200159, NULL, 1, 2012),
(12210, 'Sport', 1464064372, 0, 200160, NULL, 1, 2012),
(12211, 'Hi-tech', 1464064374, 0, 200160, NULL, 1, 2012),
(12212, 'QX56 4WD', 1464064489, 0, 200197, NULL, 1, NULL),
(12213, 'Elite', 1464064513, 0, 200201, 2479600, 1, NULL),
(12214, 'Hi-Tech', 1464064622, 0, 200201, 2652900, 1, NULL),
(12215, 'Hi-Tech', 1464064623, 0, 200202, NULL, 1, NULL),
(12216, 'Elegance', 1464064626, 0, 200203, 2680000, 1, 2014),
(12217, 'Elegance+Roof rail', 1464064627, 0, 200203, 2700000, 1, 2014),
(12218, 'Elite+Roof rail', 1464064628, 0, 200203, 3200000, 1, 2014),
(12219, 'Hi-Tech+Roof rail', 1464064630, 0, 200203, 3235000, 1, 2014),
(12220, 'Hi-tech', 1464064631, 0, 200203, NULL, 1, 2014),
(12221, 'Elite', 1464064631, 0, 200203, NULL, 1, 2014),
(12222, 'Premium+Roof rail', 1464064633, 0, 200203, NULL, 1, 2014),
(12223, 'Premium', 1464064634, 0, 200203, NULL, 1, 2014),
(12224, 'Premium+Roof rail', 1464064634, 0, 200204, 2985000, 1, 2014),
(12225, 'Elegance+Roof rail', 1464064635, 0, 200204, NULL, 1, 2014),
(12226, 'Elite', 1464064636, 0, 200204, NULL, 1, 2014),
(12227, 'Hi-tech', 1464064637, 0, 200204, NULL, 1, 2014),
(12228, 'Premium', 1464064638, 0, 200204, NULL, 1, 2014),
(12229, 'Elegance', 1464064638, 0, 200204, NULL, 1, 2014),
(12230, 'Elite+Roof rail', 1464064639, 0, 200204, NULL, 1, 2014),
(12231, 'Hi-Tech+Roof rail', 1464064640, 0, 200204, NULL, 1, 2014),
(15647, 'Icon', 1466250028, 0, 5883, 3639000, 1, NULL),
(15940, 'Design', 1466325127, 0, 200201, 2692900, 1, NULL);

-- --------------------------------------------------------

--
-- Table structure for table `car_generation`
--

CREATE TABLE IF NOT EXISTS `car_generation` (
  `id_car_generation` int(8) NOT NULL AUTO_INCREMENT,
  `name` varchar(255) NOT NULL,
  `id_car_model` int(8) NOT NULL,
  `year_begin` varchar(255) DEFAULT NULL,
  `year_end` varchar(255) DEFAULT NULL,
  `date_create` int(10) unsigned NOT NULL,
  `date_update` int(10) unsigned DEFAULT NULL,
  `id_car_type` int(8) NOT NULL DEFAULT '0',
  PRIMARY KEY (`id_car_generation`),
  KEY `id_car_model` (`id_car_model`),
  KEY `id_car_type` (`id_car_type`)
) ENGINE=MyISAM  DEFAULT CHARSET=utf8 COMMENT='Поколения Моделей' AUTO_INCREMENT=10713 ;

--
-- Dumping data for table `car_generation`
--

INSERT INTO `car_generation` (`id_car_generation`, `name`, `id_car_model`, `year_begin`, `year_end`, `date_create`, `date_update`, `id_car_type`) VALUES
(750, '9 поколение', 753, '2012', '2016', 1403647033, 1463241433, 1),
(753, '7 поколение', 753, '2002', '2006', 1403647033, 1463241439, 1),
(759, '5 поколение', 759, '2008', '2011', 1403647056, 1463241486, 1),
(760, '5 поколение [рестайлинг]', 759, '2011', '2016', 1403647056, 1463241490, 1),
(761, '4 поколение [рестайлинг]', 759, '2005', '2008', 1403647056, 1463241490, 1),
(762, '2 поколение', 759, '1986', '1994', 1403647056, 1463241488, 1),
(768, '9 поколение [рестайлинг]', 761, '2013', '2016', 1403647084, 1463241544, 1),
(770, '9 поколение', 761, '2012', '2016', 1403647084, 1463241497, 1),
(771, '8 поколение', 761, '2005', '2008', 1403647084, 1463241508, 1),
(772, '7 поколение', 761, '2000', '2005', 1403647084, 1463241519, 1),
(773, '6 поколение', 761, '1995', '2001', 1403647084, 1463241524, 1),
(774, '5 поколение', 761, '1991', '1997', 1403647084, 1463241528, 1),
(778, '4 поколение', 763, '2012', '2015', 1403647093, 1463241549, 1),
(779, '3 поколение', 763, '2006', '2010', 1403647093, 1463241550, 1),
(780, '2 поколение', 763, '2001', '2004', 1403647093, 1463241552, 1),
(781, '1 поколение', 763, '1995', '1999', 1403647093, 1463241553, 1),
(785, '1 поколение [рестайлинг]', 767, '2012', '2016', 1403647109, 1463241563, 1),
(786, '1 поколение', 767, '2009', '2012', 1403647109, 1463241564, 1),
(787, '2 поколение', 768, '1997', '2000', 1403647112, 1463241603, 1),
(788, '1 поколение', 768, '1992', '1996', 1403647112, 1463241604, 1),
(789, '1 поколение [рестайлинг]', 770, '2006', '2008', 1403647118, 1463241609, 1),
(790, '1 поколение', 770, '2003', '2006', 1403647118, 1463241610, 1),
(791, '2 поколение', 774, '2007', '2016', 1403647217, 1463241623, 1),
(792, '1 поколение', 774, '2001', '2007', 1403647217, 1463241625, 1),
(794, '2 поколение', 778, '2009', '2011', 1403647230, 1463241663, 1),
(795, '1 поколение', 778, '1999', '2006', 1403647230, 1463241663, 1),
(796, '5 поколение', 779, '2007', '2010', 1403647233, 1463241665, 1),
(797, '4 поколение', 779, '2003', '2005', 1403647233, 1463241667, 1),
(798, '3 поколение', 779, '1998', '2003', 1403647233, 1463241668, 1),
(799, '2 поколение', 779, '1995', '1998', 1403647233, 1463241669, 1),
(800, '1 поколение', 779, '1989', '1995', 1403647233, 1463241669, 1),
(801, '4 поколение', 780, '2001', '2004', 1403647237, 1463241672, 1),
(802, '3 поколение', 780, '1993', '1995', 1403647237, 1463241677, 1),
(803, '2 поколение', 780, '1989', '1993', 1403647237, 1463241678, 1),
(804, '1 поколение', 780, '1985', '1989', 1403647237, 1463241679, 1),
(805, '2 поколение', 782, '2007', '2011', 1403647269, 1463241684, 1),
(806, '1 поколение', 782, '2001', '2004', 1403647269, 1463241685, 1),
(807, '4 поколение', 783, '2004', '2008', 1403647272, 1463241688, 1),
(808, '3 поколение', 783, '1996', '2004', 1403647272, 1463241689, 1),
(810, '2 поколение', 783, '1990', '1996', 1403647272, 1463241690, 1),
(811, '5 поколение', 784, '2008', '2010', 1403647275, 1463241694, 1),
(812, '4 поколение', 784, '2003', '2006', 1403647275, 1463241697, 1),
(813, '3 поколение', 784, '1998', '2001', 1403647275, 1463241699, 1),
(819, '4 поколение', 790, '2009', '2016', 1403647297, 1463241726, 1),
(820, '3 поколение', 790, '2003', '2007', 1403647297, 1463241729, 1),
(821, '2 поколение', 790, '1998', '2003', 1403647297, 1463241733, 1),
(822, '1 поколение', 790, '1994', '1999', 1403647297, 1463241734, 1),
(823, '2 поколение', 792, '2006', '2010', 1403647329, 1463241739, 1),
(824, '1 поколение', 792, '1996', '2006', 1403647329, 1463241739, 1),
(825, '2 поколение', 793, '1998', '2002', 1403647332, 1463241741, 1),
(826, '1 поколение', 793, '1993', '1997', 1403647332, 1463241742, 1),
(827, '2 поколение', 794, '2008', '2011', 1403647336, 1463241744, 1),
(828, '1 поколение', 794, '2003', '2006', 1403647336, 1463241745, 1),
(829, '5 поколение', 795, '1996', '2001', 1403647339, 1463241747, 1),
(830, '4 поколение', 795, '1991', '1996', 1403647339, 1463241749, 1),
(834, '2 поколение', 801, '1998', '2003', 1403647383, 1463241786, 1),
(835, '1 поколение', 801, '1995', '1998', 1403647383, 1463241787, 1),
(836, '4 поколение', 803, '2009', '2012', 1403647390, 1463241791, 1),
(837, '3 поколение', 803, '2003', '2007', 1403647390, 1463241794, 1),
(838, '2 поколение', 803, '2001', '2005', 1403647390, 1463241794, 1),
(839, '1 поколение', 803, '1996', '2001', 1403647390, 1463241795, 1),
(840, '2 поколение', 804, '2006', '2009', 1403647394, 1463241798, 1),
(841, '1 поколение', 804, '2000', '2004', 1403647394, 1463241800, 1),
(902, '2 поколение [рестайлинг]', 862, '2012', '2016', 1403647808, 1463242108, 1),
(903, '2 поколение', 862, '2008', '2011', 1403647808, 1463242109, 1),
(909, '4 поколение [рестайлинг]', 864, '2007', '2013', 1403647814, 1463242150, 1),
(910, '4 поколение', 864, '2006', '2010', 1403647814, 1463242150, 1),
(911, 'Y51', 867, '2010', '2013', 1403647827, 1463242155, 1),
(912, 'Y50', 867, '2006', '2008', 1403647827, 1463242157, 1),
(913, 'Y34', 867, '2003', '2005', 1403647827, 1463242160, 1),
(914, 'F31', 867, '1990', '1992', 1403647827, 1463242159, 1),
(915, '3 поколение', 868, '2001', '2006', 1403647830, 1463242161, 1),
(916, '2 поколение', 868, '1996', '2001', 1403647830, 1463242162, 1),
(917, '1 поколение', 868, '1989', '1996', 1403647830, 1463242163, 1),
(920, '3 поколение', 871, '2010', '2013', 1403647864, 1463242167, 1),
(921, 'Z62 [рестайлинг]', 875, '2014', '2016', 1403647880, 1463242204, 1),
(922, 'Z62', 875, '2013', '2014', 1403647880, 1463242205, 1),
(5613, 'HW', 762, '1988', '1995', 1409172594, 1463241546, 1),
(5615, '1 поколение [2-й рестайлинг]', 785, '2000', '2001', 1409172620, 1463241705, 1),
(5834, '3 поколение', 774, '2013', '2016', 1411936581, 1463241619, 1),
(5895, 'Y50 [рестайлинг]', 867, '2006', '2010', 1416980855, 1463242156, 1),
(5993, '7 поколение [рестайлинг]', 753, '2006', '2008', 1419462798, 1463241436, 1),
(5994, '3 поколение [рестайлинг]', 763, '2009', '2012', 1419462818, 1463241550, 1),
(5995, '2 поколение [рестайлинг]', 763, '2004', '2007', 1419462818, 1463241551, 1),
(5996, '1 поколение [рестайлинг]', 763, '1998', '2002', 1419462818, 1463241552, 1),
(5997, '2 поколение [рестайлинг]', 778, '2011', '2016', 1419462836, 1463241662, 1),
(5998, '5 поколение [рестайлинг]', 779, '2010', '2012', 1419462838, 1463241665, 1),
(5999, '4 поколение [рестайлинг]', 779, '2005', '2007', 1419462838, 1463241666, 1),
(6002, '4 поколение [рестайлинг]', 780, '2004', '2006', 1419462840, 1463241671, 1),
(6003, '3 поколение [рестайлинг]', 780, '1995', '2001', 1419462840, 1463241673, 1),
(6004, '2 поколение [рестайлинг]', 782, '2010', '2016', 1419462843, 1463241682, 1),
(6005, '1 поколение [рестайлинг]', 782, '2004', '2007', 1419462843, 1463241685, 1),
(6006, '4 поколение [рестайлинг]', 783, '2008', '2010', 1419462845, 1463241687, 1),
(6007, '5 поколение [рестайлинг]', 784, '2010', '2016', 1419462846, 1463241693, 1),
(6008, '2 поколение [рестайлинг]', 794, '2012', '2015', 1419462858, 1463241743, 1),
(6009, '1 поколение [рестайлинг]', 794, '2006', '2008', 1419462858, 1463241744, 1),
(6014, '2 поколение [рестайлинг]', 804, '2009', '2016', 1419462871, 1463241797, 1),
(6015, '1 поколение [рестайлинг]', 804, '2004', '2006', 1419462871, 1463241799, 1),
(6195, '8 поколение [рестайлинг]', 761, '2007', '2011', 1422314487, 1463241502, 1),
(6196, '7 поколение [рестайлинг]', 761, '2003', '2005', 1422314488, 1463241514, 1),
(6614, '4 поколение [рестайлинг]', 763, '2014', '2016', 1432143235, 1463241548, 1),
(6615, '1 поколение [2-й рестайлинг]', 770, '2008', '2010', 1432143247, 1463241608, 1),
(6617, '1 поколение', 777, '1998', '2001', 1432143259, 1463241632, 1),
(6671, '1 поколение [рестайлинг]', 777, '2001', '2006', 1433617993, 1463241631, 1),
(6672, '3 поколение', 794, '2016', '2016', 1433618021, 1466243719, 1),
(6800, 'Y51', 2112, '2013', '2016', 1439908951, 1463267359, 1),
(6982, '1 поколение [рестайлинг]', 791, '1999', '2002', 1452951473, 1463241737, 1),
(6983, '1 поколение', 791, '1996', '1999', 1452951473, 1463241737, 1),
(6987, 'CV36', 870, '2013', '2016', 1452951802, 1463242166, 1),
(7234, '1 поколение', 765, '2010', '2016', 1461879146, 1463241559, 1),
(7236, '1 поколение [рестайлинг]', 773, '2005', '2008', 1461879147, 1463241616, 1),
(7237, '1 поколение', 775, '2004', '2009', 1461879148, 1463241627, 1),
(7238, '1 поколение', 799, '1996', '2002', 1461879151, 1463241756, 1),
(7242, '1 поколение', 865, '1992', '1997', 1461879187, 1463242152, 1),
(8082, '1 поколение [рестайлинг]', 754, '2008', '2010', 1461885732, 1463241469, 1),
(8083, 'CE', 755, '1993', '1997', 1461885732, 1463241471, 1),
(8086, '1 поколение', 756, '1999', '2003', 1461885733, 1463241473, 1),
(8088, '1 поколение', 758, '1998', '2002', 1461885734, 1463241484, 1),
(8094, '4 поколение', 761, '1987', '1996', 1461885744, 1463241530, 1),
(8098, '2 поколение', 766, '2007', '2010', 1461885749, 1463241560, 1),
(8099, '1 поколение [рестайлинг]', 769, '2006', '2009', 1461885751, 1463241605, 1),
(8100, '1 поколение [рестайлинг]', 771, '2006', '2008', 1461885753, 1463241613, 1),
(8101, '1 поколение', 771, '2004', '2006', 1461885753, 1463241614, 1),
(8102, '1 поколение [рестайлинг]', 776, '2011', '2016', 1461885785, 1463241628, 1),
(8105, '2 поколение', 784, '1997', '1998', 1461885795, 1463241700, 1),
(8108, '1 поколение [рестайлинг]', 787, '2004', '2008', 1461885797, 1463241709, 1),
(8109, '1 поколение', 787, '2001', '2004', 1461885797, 1463241710, 1),
(8110, '2 поколение', 788, '2001', '2005', 1461885798, 1463241711, 1),
(8112, '1 поколение', 797, '1993', '1997', 1461885805, 1463241753, 1),
(8113, '1 поколение [рестайлинг]', 798, '2008', '2016', 1461885806, 1463241754, 1),
(8114, '1 поколение', 798, '2006', '2008', 1461885806, 1463241755, 1),
(8115, 'AP2', 800, '2004', '2009', 1461885807, 1463241782, 1),
(8116, 'AP1', 800, '1999', '2003', 1461885808, 1463241784, 1),
(8117, '1 поколение', 802, '1995', '2001', 1461885809, 1463241788, 1),
(8118, '1 поколение', 805, '2002', '2006', 1461885845, 1463241801, 1),
(8119, '1 поколение', 806, '1988', '1996', 1461885845, 1463241802, 1),
(8120, '1 поколение', 807, '1997', '2002', 1461885846, 1463241804, 1),
(8121, 'HM1', 808, '1999', '2016', 1461885846, 1463241806, 1),
(8122, 'CB5', 809, '1989', '1995', 1461885847, 1463241807, 1),
(8123, '1 поколение', 810, '1998', '2002', 1461885847, 1463241843, 1),
(8161, '1 поколение', 861, '2007', '2013', 1461885929, 1463242106, 1),
(8162, '1 поколение', 866, '2012', '2014', 1461885965, 1463242153, 1),
(8163, '1 поколение', 869, '2013', '2016', 1461885968, 1463242164, 1),
(8166, 'S51', 874, '2013', '2016', 1461885972, 1463242202, 1),
(9048, '8 поколение [рестайлинг]', 753, '2011', '2013', 1462057631, 1463241434, 1),
(9049, '8 поколение', 753, '2008', '2011', 1462057631, 1463241435, 1),
(9050, '6 поколение', 753, '1998', '2002', 1462057632, 1463241445, 1),
(9051, '5 поколение', 753, '1993', '1998', 1462057632, 1463241452, 1),
(9054, '1 поколение', 783, '1987', '1991', 1462057639, 1463241691, 1),
(9348, '6 поколение [рестайлинг]', 753, '2001', '2002', 1463241442, NULL, 1),
(9349, '5 поколение [рестайлинг]', 753, '1996', '1998', 1463241449, NULL, 1),
(9350, '1 поколение', 754, '2005', '2008', 1463241469, NULL, 1),
(9353, '8 поколение [2-й рестайлинг]', 761, '2011', '2012', 1463241501, NULL, 1),
(9354, '1 поколение', 766, '1993', '1998', 1463241561, NULL, 1),
(9355, '1 поколение', 769, '2004', '2006', 1463241606, NULL, 1),
(9356, '1 поколение [2-й рестайлинг]', 771, '2008', '2013', 1463241612, NULL, 1),
(9357, '1 поколение', 773, '2002', '2005', 1463241617, NULL, 1),
(9358, '2 поколение [рестайлинг]', 774, '2010', '2016', 1463241620, NULL, 1),
(9359, '1 поколение', 776, '2008', '2011', 1463241629, NULL, 1),
(9360, '3 поколение [рестайлинг]', 783, '1998', '2004', 1463241688, NULL, 1),
(9361, '4 поколение [рестайлинг]', 784, '2006', '2008', 1463241696, NULL, 1),
(9362, '3 поколение [рестайлинг]', 784, '2001', '2003', 1463241698, NULL, 1),
(9364, '1 поколение [рестайлинг]', 785, '1998', '2000', 1463241706, NULL, 1),
(9365, '1 поколение', 785, '1996', '1998', 1463241706, NULL, 1),
(9366, '1 поколение', 788, '1992', '1999', 1463241712, NULL, 1),
(9367, '5 поколение', 790, '2013', '2016', 1463241723, NULL, 1),
(9368, '4 поколение [рестайлинг]', 790, '2011', '2016', 1463241725, NULL, 1),
(9369, '3 поколение [рестайлинг]', 790, '2007', '2010', 1463241729, NULL, 1),
(9370, '2 поколение [рестайлинг]', 790, '2001', '2004', 1463241731, NULL, 1),
(9371, '4 поколение [рестайлинг]', 803, '2012', '2016', 1463241790, NULL, 1),
(9372, '3 поколение [рестайлинг]', 803, '2007', '2009', 1463241792, NULL, 1),
(9412, '3 поколение [рестайлинг]', 864, '2005', '2006', 1463242147, NULL, 1),
(9413, '3 поколение', 864, '2002', '2005', 1463242148, NULL, 1),
(9414, '2 поколение', 864, '1999', '2002', 1463242150, NULL, 1),
(9415, '1 поколение', 864, '1991', '1996', 1463242150, NULL, 1),
(9418, '2 поколение', 871, '2004', '2010', 1463242168, NULL, 1),
(9419, '1 поколение [рестайлинг]', 871, '2001', '2003', 1463242169, NULL, 1),
(9420, '1 поколение', 871, '1997', '2001', 1463242169, NULL, 1),
(9421, 'J50', 872, '2013', '2016', 1463242171, NULL, 1),
(9422, 'L50', 873, '2013', '2016', 1463242172, NULL, 1),
(10230, '1 поколение [рестайлинг]', 20160, '2013', '2016', 1463309704, NULL, 1),
(10231, '1 поколение', 20160, '2011', '2013', 1463309705, NULL, 1),
(10232, '1 поколение [рестайлинг]', 20162, '2005', '2008', 1463309708, NULL, 1),
(10233, '1 поколение', 20162, '2002', '2005', 1463309709, NULL, 1),
(10283, '2 поколение', 20214, '2000', '2016', 1463310018, NULL, 1),
(10284, '1 поколение', 20214, '1996', '1999', 1463310019, NULL, 1);

-- --------------------------------------------------------

--
-- Table structure for table `car_mark`
--

CREATE TABLE IF NOT EXISTS `car_mark` (
  `id_car_mark` int(8) NOT NULL AUTO_INCREMENT COMMENT 'ID',
  `name` varchar(255) NOT NULL,
  `date_create` int(10) unsigned DEFAULT NULL,
  `date_update` int(10) unsigned DEFAULT NULL,
  `id_car_type` int(8) NOT NULL,
  `name_rus` varchar(255) DEFAULT NULL,
  PRIMARY KEY (`id_car_mark`),
  KEY `id_car_type` (`id_car_type`)
) ENGINE=MyISAM  DEFAULT CHARSET=utf8 COMMENT='Марки автомобилей' AUTO_INCREMENT=3779 ;

--
-- Dumping data for table `car_mark`
--

INSERT INTO `car_mark` (`id_car_mark`, `name`, `date_create`, `date_update`, `id_car_type`, `name_rus`) VALUES
(76, 'Honda', 1398977406, 1463169318, 1, 'Хонда'),
(80, 'Infiniti', 1398977406, 1463169322, 1, 'Инфинити');

-- --------------------------------------------------------

--
-- Table structure for table `car_model`
--

CREATE TABLE IF NOT EXISTS `car_model` (
  `id_car_model` int(11) NOT NULL AUTO_INCREMENT COMMENT 'ID',
  `id_car_mark` int(11) NOT NULL,
  `name` varchar(255) NOT NULL,
  `date_create` int(10) unsigned DEFAULT NULL,
  `date_update` int(10) unsigned DEFAULT NULL,
  `id_car_type` int(8) NOT NULL,
  `name_rus` varchar(255) DEFAULT NULL,
  PRIMARY KEY (`id_car_model`),
  KEY `name` (`name`),
  KEY `id_car_mark` (`id_car_mark`),
  KEY `id_car_type` (`id_car_type`)
) ENGINE=MyISAM  DEFAULT CHARSET=utf8 COMMENT='Модели автомобилей' AUTO_INCREMENT=20811 ;

--
-- Dumping data for table `car_model`
--

INSERT INTO `car_model` (`id_car_model`, `id_car_mark`, `name`, `date_create`, `date_update`, `id_car_type`, `name_rus`) VALUES
(753, 76, 'Accord', 1399005020, 1463241433, 1, NULL),
(754, 76, 'Airwave', 1399005020, 1463241469, 1, NULL),
(755, 76, 'Ascot', 1399005020, 1463241471, 1, NULL),
(756, 76, 'Avancier', 1399005020, 1463241473, 1, NULL),
(758, 76, 'Capa', 1399005020, 1463241484, 1, NULL),
(759, 76, 'City', 1399005020, 1463241486, 1, NULL),
(761, 76, 'Civic', 1399005020, 1463241492, 1, NULL),
(867, 80, 'M-Series', 1399005025, 1463242155, 1, NULL),
(868, 80, 'Q45', 1399005025, 1463242161, 1, NULL),
(869, 80, 'Q50', 1399005025, 1463242164, 1, NULL),
(870, 80, 'Q60', 1399005025, 1463242165, 1, NULL),
(871, 80, 'QX-Series', 1399005025, 1463242167, 1, NULL),
(872, 80, 'QX50', 1399005025, 1463242171, 1, NULL),
(873, 80, 'QX60', 1399005025, 1463242172, 1, NULL),
(874, 80, 'QX70', 1399005025, 1463242202, 1, NULL),
(875, 80, 'QX80', 1399005025, 1463242204, 1, NULL),
(2112, 80, 'Q70', 1401391214, 1463267359, 1, NULL),
(19570, 76, 'Ascot Innova', 1452947914, 1463268964, 1, NULL),
(20160, 76, 'Fit Shuttle', 1463096545, 1463309704, 1, NULL),
(20162, 76, 'Mobilio Spike', 1463096545, 1463309708, 1, NULL),
(20214, 80, 'I-Series', 1463096550, 1463310018, 1, NULL);

-- --------------------------------------------------------



--
-- Table structure for table `car_serie`
--

CREATE TABLE IF NOT EXISTS `car_serie` (
  `id_car_serie` int(11) NOT NULL AUTO_INCREMENT COMMENT 'ID',
  `id_car_model` int(8) NOT NULL,
  `name` varchar(255) NOT NULL,
  `date_create` int(10) unsigned DEFAULT NULL,
  `date_update` int(10) unsigned DEFAULT NULL,
  `id_car_generation` int(8) DEFAULT NULL,
  `id_car_type` int(8) NOT NULL,
  PRIMARY KEY (`id_car_serie`),
  KEY `name` (`name`),
  KEY `id_car_model` (`id_car_model`),
  KEY `id_car_type` (`id_car_type`)
) ENGINE=MyISAM  DEFAULT CHARSET=utf8 COMMENT='Cерии автомобилей' AUTO_INCREMENT=51273 ;

--
-- Dumping data for table `car_serie`
--

INSERT INTO `car_serie` (`id_car_serie`, `id_car_model`, `name`, `date_create`, `date_update`, `id_car_generation`, `id_car_type`) VALUES
(1034, 754, 'Универсал', 1399167324, 1463241469, 8082, 1),
(1035, 755, 'Седан', 1399167326, 1463241471, 8083, 1),
(1046, 765, 'Купе', 1399168590, 1463241559, 7234, 1),
(1047, 766, 'Кроссовер', 1399169168, 1463241562, 8098, 1),
(1050, 769, 'Минивэн', 1399169218, 1463241606, 8099, 1),
(1052, 771, 'Минивэн', 1399169225, 1463241613, 8100, 1),
(1054, 773, 'Седан', 1399169238, 1463241616, 7236, 1),
(1056, 775, 'Минивэн', 1399169244, 1463241627, 7237, 1),
(1057, 776, 'Hybrid минивэн 5-дв.', 1399169426, 1463241630, 8102, 1),
(1070, 787, 'Минивэн', 1399170051, 1463241710, 8108, 1),
(1071, 788, 'Купе', 1399170052, 1463241711, 8110, 1),
(1074, 791, 'Универсал', 1399170056, 1463241737, 6983, 1),
(1080, 797, 'Седан', 1399170716, 1463241753, 8112, 1),
(1081, 798, 'Пикап', 1399170718, 1463241755, 8113, 1),
(1082, 799, 'Минивэн', 1399170719, 1463241757, 7238, 1),
(1083, 800, 'Родстер', 1399170720, 1463241784, 8115, 1),
(1085, 802, 'Минивэн', 1399170724, 1463241788, 8117, 1),
(1088, 805, 'Минивэн', 1399170728, 1463241801, 8118, 1),
(1089, 806, 'Хетчбэк', 1399171293, 1463241802, 8119, 1),
(1090, 807, 'Седан 4-дв.', 1399171296, 1463241805, 8120, 1),
(1159, 861, 'Кроссовер 5-дв.', 1399174283, 1463242107, 8161, 1),
(1165, 865, 'Седан', 1399174377, 1463242152, 7242, 1),
(1166, 866, 'Кроссовер', 1399183556, 1463242153, 8162, 1),
(1169, 869, 'Седан', 1399183565, 1463242164, 8163, 1),
(1174, 874, 'Кроссовер', 1399183571, 1463242202, 8166, 1),
(3418, 753, 'Седан', 1402194622, 1463241434, 750, 1),
(3420, 759, 'Седан', 1402194671, 1463241486, 759, 1),
(3423, 762, 'Седан', 1402195153, 1463241546, 5613, 1),
(3424, 762, 'Хетчбэк', 1402195153, 1463241547, 5613, 1),
(3425, 763, 'Кроссовер', 1402195159, 1463241553, 778, 1),
(3427, 767, 'Кроссовер 5-дв.', 1402195188, 1463241564, 785, 1),
(3428, 768, 'Седан', 1402195192, 1463241603, 787, 1),
(3429, 770, 'Кроссовер 5-дв.', 1402195207, 1463241610, 789, 1),
(3430, 774, 'Хетчбэк', 1402195649, 1463241625, 5834, 1),
(3433, 778, 'Хетчбэк', 1402195678, 1463241663, 794, 1),
(3434, 779, 'Седан', 1402195684, 1463241665, 796, 1),
(3435, 780, 'Type R купе 2-дв.', 1402195692, 1463241681, 801, 1),
(3436, 782, 'Хетчбэк', 1402196174, 1463241685, 805, 1),
(3437, 783, 'Седан', 1402196180, 1463241688, 807, 1),
(3438, 784, 'Pastel хетчбэк 5-дв.', 1402196186, 1463241703, 811, 1),
(3439, 785, 'Хетчбэк 5-дв.', 1402196192, 1463241705, 5615, 1),
(3440, 785, 'Хетчбэк 3-дв.', 1402196192, 1463241705, 5615, 1),
(3442, 790, 'Минивэн 5-дв.', 1402196229, 1463241735, 819, 1),
(3443, 792, 'Фургон', 1402196656, 1463241740, 823, 1),
(3444, 793, 'Внедорожник', 1402196663, 1463241742, 825, 1),
(3445, 794, 'Кроссовер', 1402196669, 1463241745, 827, 1),
(3446, 795, 'Купе 2-дв.', 1402196675, 1463241751, 829, 1),
(3447, 801, 'Седан', 1402197127, 1463241786, 834, 1),
(3448, 803, 'Минивэн', 1402197141, 1463241795, 836, 1),
(3449, 804, 'Минивэн', 1402197147, 1463241800, 840, 1),
(3490, 862, 'Кроссовер 5-дв.', 1402200137, 1463242109, 902, 1),
(3494, 864, 'Седан 4-дв.', 1402200149, 1463242150, 909, 1),
(3495, 867, 'Sport седан 4-дв.', 1402200170, 1463242160, 911, 1),
(3496, 868, 'Седан', 1402200176, 1463242161, 915, 1),
(6297, 753, 'Tourer универсал', 1402853856, 1463241467, 9049, 1),
(6298, 753, 'Седан 4-дв.', 1402853856, 1463241467, 9049, 1),
(6300, 753, 'Tourer универсал', 1402853856, 1463241467, 5993, 1),
(6302, 753, 'US-spec седан 4-дв.', 1402853856, 1463241467, 753, 1),
(6303, 753, 'Универсал', 1402853856, 1463241467, 753, 1),
(6304, 753, 'JP-spec универсал', 1402853856, 1463241467, 9050, 1),
(6305, 753, 'JP-spec седан 4-дв.', 1402853856, 1463241467, 9051, 1),
(6306, 753, 'Седан', 1402853856, 1463241440, 753, 1),
(6307, 753, 'Седан', 1402853856, 1463241449, 9050, 1),
(6308, 753, 'JP-spec седан 4-дв.', 1402853856, 1463241467, 9050, 1),
(6310, 753, 'Седан', 1402853856, 1463241455, 9051, 1),
(6311, 753, 'Купе 2-дв.', 1402853856, 1463241467, 9051, 1),
(6312, 753, 'Универсал', 1402853856, 1463241467, 9349, 1),
(6314, 753, 'Хетчбэк', 1402853856, 1463241467, 9050, 1),
(6327, 761, 'Hybrid седан 4-дв.', 1402854370, 1463241544, 770, 1),
(6329, 761, 'US-spec седан 4-дв.', 1402854370, 1463241544, 768, 1),
(6330, 761, 'Седан 4-дв.', 1402854370, 1464652279, 768, 1),
(6331, 761, 'Si седан 4-дв.', 1402854370, 1463241544, 768, 1),
(6332, 761, 'Хетчбэк 5-дв.', 1402854370, 1463241498, 770, 1),
(6333, 761, 'Si купе 2-дв.', 1402854370, 1463241544, 771, 1),
(6334, 761, 'Hybrid седан 4-дв.', 1402854370, 1463241544, 768, 1),
(6335, 761, 'Si купе 2-дв.', 1402854370, 1463241544, 770, 1),
(6336, 761, 'Купе', 1402854370, 1463241501, 770, 1),
(6337, 761, 'Хетчбэк 5-дв.', 1402854370, 1463241509, 771, 1),
(6338, 761, 'Хетчбэк 3-дв.', 1402854370, 1463241522, 772, 1),
(6339, 761, 'Type-R хетчбэк 3-дв.', 1402854370, 1463241544, 773, 1),
(6340, 761, 'Хетчбэк 5-дв.', 1402854370, 1463241523, 772, 1),
(6341, 761, 'Купе', 1402854370, 1463241513, 771, 1),
(6342, 761, 'Седан 4-дв.', 1402854370, 1463241544, 770, 1),
(6343, 761, 'Хетчбэк 3-дв.', 1402854370, 1463241524, 773, 1),
(6344, 761, 'Хетчбэк 5-дв.', 1402854370, 1463241544, 9353, 1),
(6345, 761, 'Купе', 1402854370, 1463241521, 772, 1),
(6346, 761, 'Седан 4-дв.', 1402854370, 1463241544, 771, 1),
(6347, 761, 'Хетчбэк 3-дв.', 1402854370, 1463241529, 774, 1),
(6348, 761, 'Седан', 1402854370, 1463241527, 773, 1),
(6349, 761, 'Хетчбэк', 1402854370, 1463241545, 8094, 1),
(6351, 761, 'Седан', 1402854370, 1463241528, 774, 1),
(6353, 761, 'Седан', 1402854370, 1463241531, 8094, 1),
(6354, 761, 'Лифтбэк', 1402854370, 1463241545, 774, 1),
(6358, 763, 'Кроссовер', 1402854379, 1463241553, 779, 1),
(6359, 763, 'Кроссовер', 1402854379, 1463241553, 780, 1),
(6360, 763, 'Кроссовер', 1402854379, 1463241553, 781, 1),
(6365, 767, 'Кроссовер', 1402854390, 1463241564, 786, 1),
(6366, 768, 'Седан', 1402854845, 1463241604, 788, 1),
(6368, 770, 'Кроссовер', 1402854855, 1463241610, 790, 1),
(6372, 774, 'Хетчбэк', 1402854869, 1463241625, 9358, 1),
(6375, 778, 'Хетчбэк', 1402855323, 1463241663, 795, 1),
(6377, 780, 'Купе', 1402855328, 1463241677, 802, 1),
(6378, 780, 'Седан', 1402855328, 1463241677, 802, 1),
(6379, 780, 'Хардтоп', 1402855328, 1463241681, 803, 1),
(6380, 780, 'Купе', 1402855328, 1463241678, 803, 1),
(6381, 780, 'Седан', 1402855328, 1463241681, 804, 1),
(6383, 782, 'Хетчбэк', 1402855332, 1463241685, 806, 1),
(6384, 783, 'Седан', 1402855336, 1463241689, 808, 1),
(6386, 783, 'Купе', 1402855336, 1463241692, 9054, 1),
(6387, 783, 'Купе', 1402855336, 1463241692, 810, 1),
(6388, 783, 'Седан', 1402855336, 1463241690, 810, 1),
(6389, 784, 'Хетчбэк', 1402855343, 1463241703, 811, 1),
(6390, 784, 'Хетчбэк', 1402855343, 1463241703, 9361, 1),
(6399, 792, 'Фургон', 1402855821, 1463241740, 824, 1),
(6400, 793, 'Внедорожник', 1402855828, 1463241742, 826, 1),
(6402, 795, 'Купе', 1402855840, 1463241749, 830, 1),
(6411, 801, 'Седан', 1402856354, 1463241787, 835, 1),
(6413, 803, 'Минивэн', 1402856367, 1463241795, 837, 1),
(6414, 803, 'Минивэн 5-дв.', 1402856367, 1463241795, 838, 1),
(6415, 803, 'Минивэн', 1402856367, 1463241795, 839, 1),
(6421, 809, 'Седан', 1402856825, 1463241807, 8122, 1),
(6497, 864, 'Седан', 1402859366, 1463242151, 910, 1),
(6500, 867, 'Седан 4-дв.', 1402859379, 1463242160, 911, 1),
(6501, 867, 'Седан', 1402859379, 1463242160, 913, 1),
(6502, 867, 'Кабриолет', 1402859379, 1463242160, 914, 1),
(6503, 867, 'Купе', 1402859379, 1463242159, 914, 1),
(6504, 868, 'Седан', 1402859824, 1463242162, 916, 1),
(6505, 868, 'Седан', 1402859824, 1463242163, 917, 1),
(6509, 871, 'Внедорожник', 1402859835, 1463242169, 920, 1),
(8600, 758, 'Хетчбэк', 1403383100, 1463241484, 8088, 1),
(8601, 759, 'Седан', 1403383105, 1463241490, 760, 1),
(8602, 759, 'Седан', 1403383105, 1463241491, 761, 1),
(8603, 759, 'Хетчбэк', 1403383105, 1463241491, 762, 1),
(8610, 779, 'Седан', 1403383389, 1463241667, 797, 1),
(8611, 779, 'Седан', 1403383389, 1463241668, 798, 1),
(8612, 779, 'Седан', 1403383389, 1463241669, 799, 1),
(8613, 779, 'Седан', 1403383389, 1463241669, 800, 1),
(8615, 790, 'Absolute минивэн 5-дв.', 1403383408, 1463241735, 820, 1),
(8616, 790, 'US-spec минивэн 5-дв.', 1403383408, 1463241735, 821, 1),
(8617, 790, 'Минивэн', 1403383408, 1463241735, 822, 1),
(8618, 794, 'Кроссовер', 1403383458, 1463241745, 828, 1),
(8622, 804, 'Минивэн', 1403383533, 1463241800, 841, 1),
(8625, 808, 'Минивэн', 1403383592, 1463241806, 8121, 1),
(8626, 810, 'Хетчбэк', 1403383603, 1463241843, 8123, 1),
(8649, 875, 'Кроссовер', 1403384188, 1463242205, 921, 1),
(8650, 875, 'Кроссовер', 1403384188, 1463242205, 922, 1),
(8651, 862, 'Кроссовер 5-дв.', 1403384224, 1463242109, 903, 1),
(14631, 870, 'Купе', 1409172734, 1464652581, 6987, 1),
(14632, 870, 'Кабриолет', 1409172734, 1463242166, 6987, 1),
(14678, 774, 'Hybrid хетчбэк 5-дв.', 1411936581, 1463241625, 5834, 1),
(14790, 867, 'M45 седан 4-дв.', 1416980855, 1463242160, 5895, 1),
(14940, 753, 'Седан 4-дв.', 1419462798, 1463241467, 9048, 1),
(14942, 753, 'US-spec купе', 1419462798, 1463241467, 5993, 1),
(14943, 753, 'Седан 4-дв.', 1419462798, 1463241467, 5993, 1),
(14944, 753, 'US-spec седан 4-дв.', 1419462798, 1463241467, 5993, 1),
(14945, 763, 'Кроссовер', 1419462818, 1463241553, 5994, 1),
(14946, 763, 'Кроссовер', 1419462818, 1463241553, 5995, 1),
(14947, 763, 'Кроссовер', 1419462818, 1463241553, 5996, 1),
(14948, 778, 'Хетчбэк', 1419462836, 1463241663, 5997, 1),
(14949, 779, 'Седан', 1419462838, 1463241665, 5998, 1),
(14950, 779, 'Седан', 1419462838, 1463241666, 5999, 1),
(14953, 780, 'Type R купе 2-дв.', 1419462840, 1463241681, 6002, 1),
(14954, 780, 'Купе', 1419462840, 1463241675, 6003, 1),
(14955, 780, 'Седан', 1419462840, 1463241675, 6003, 1),
(14956, 782, 'Хетчбэк 5-дв.', 1419462843, 1463241683, 6004, 1),
(14957, 782, 'Хетчбэк', 1419462843, 1463241685, 6005, 1),
(14958, 783, 'Седан', 1419462845, 1463241687, 6006, 1),
(14959, 784, 'Хетчбэк', 1419462846, 1463241703, 6007, 1),
(14960, 794, 'Кроссовер', 1419462858, 1463241745, 6008, 1),
(14961, 794, 'Кроссовер', 1419462858, 1463241745, 6009, 1),
(14966, 804, 'RST минивэн 5-дв.', 1419462871, 1463241800, 6014, 1),
(14967, 804, 'Минивэн', 1419462871, 1463241800, 6015, 1),
(15277, 761, 'Седан', 1422314487, 1463241507, 6195, 1),
(15278, 761, 'Si хетчбэк 5-дв.', 1422314487, 1463241544, 6195, 1),
(15279, 761, 'Хетчбэк 5-дв.', 1422314488, 1463241502, 6195, 1),
(15280, 761, 'Type-S хетчбэк 3-дв.', 1422314488, 1463241544, 6195, 1),
(15281, 761, 'Sport хетчбэк 3-дв.', 1422314488, 1463241544, 6196, 1),
(15282, 761, 'Купе', 1422314488, 1463241518, 6196, 1),
(15283, 761, 'Хетчбэк 5-дв.', 1422314488, 1463241515, 6196, 1),
(15284, 761, 'Хетчбэк 3-дв.', 1422314488, 1463241517, 6196, 1),
(45399, 763, 'Кроссовер', 1432143235, 1463241553, 6614, 1),
(45400, 770, 'Кроссовер 5-дв.', 1432143247, 1463241610, 6615, 1),
(45402, 777, 'Кроссовер 5-дв.', 1432143259, 1463241633, 6617, 1),
(45403, 777, 'Кроссовер 3-дв.', 1432143259, 1463241633, 6617, 1),
(45561, 777, 'Кроссовер 5-дв.', 1433617993, 1463241633, 6671, 1),
(45562, 777, 'Кроссовер 3-дв.', 1433617993, 1463241633, 6671, 1),
(45563, 794, 'Внедорожник', 1433618022, 1466243721, 6672, 1),
(45880, 2112, 'Седан 4-дв.', 1439908951, 1463267359, 6800, 1),
(46548, 791, 'Универсал', 1452951473, 1463241737, 6982, 1),
(46872, 753, 'Седан', 1461879136, 1463241467, 9349, 1),
(46874, 753, 'US-spec купе', 1461879137, 1463241467, 753, 1),
(46875, 753, 'US-spec купе', 1461879138, 1463241467, 9050, 1),
(46876, 753, 'Купе', 1461879140, 1463241467, 9349, 1),
(47220, 756, 'Универсал 5-дв.', 1461885733, 1463241473, 8086, 1),
(47221, 761, 'Универсал', 1461885743, 1463241544, 773, 1),
(47222, 761, 'Купе', 1461885743, 1463241545, 774, 1),
(47223, 761, 'Beagle универсал 5-дв.', 1461885744, 1463241545, 8094, 1),
(47227, 771, 'Минивэн', 1461885753, 1463241614, 8101, 1),
(47228, 783, 'Седан', 1461885794, 1463241691, 9054, 1),
(47229, 784, 'Хетчбэк', 1461885795, 1463241703, 812, 1),
(47231, 787, 'Минивэн', 1461885797, 1463241710, 8109, 1),
(47233, 798, 'Пикап', 1461885806, 1463241755, 8114, 1),
(47234, 800, 'Родстер', 1461885808, 1463241784, 8116, 1),
(48135, 753, 'US-spec седан 4-дв.', 1463241467, NULL, 9348, 1),
(48136, 753, 'JP-spec седан 4-дв.', 1463241467, NULL, 9348, 1),
(48137, 753, 'JP-spec универсал', 1463241467, NULL, 9348, 1),
(48138, 753, 'Euro R седан 4-дв.', 1463241467, NULL, 9348, 1),
(48139, 753, 'US-spec купе', 1463241467, NULL, 9348, 1),
(48140, 753, 'US-spec седан 4-дв.', 1463241467, NULL, 9050, 1),
(48141, 753, 'Aerodeck универсал', 1463241467, NULL, 9051, 1),
(48142, 753, 'US-spec купе 2-дв.', 1463241467, NULL, 9051, 1),
(48143, 753, 'US-spec седан 4-дв.', 1463241467, NULL, 9051, 1),
(48152, 754, 'Универсал', 1463241469, NULL, 9350, 1),
(48153, 756, 'Nouvelle Vague универсал 5-дв.', 1463241474, NULL, 8086, 1),
(48158, 761, 'Si седан 4-дв.', 1463241544, NULL, 770, 1),
(48159, 761, 'US-spec седан 4-дв.', 1463241544, NULL, 770, 1),
(48160, 761, 'Si купе', 1463241544, NULL, 6195, 1),
(48161, 761, 'Hybrid седан 4-дв.', 1463241544, NULL, 6195, 1),
(48162, 761, 'US-spec седан 4-дв.', 1463241544, NULL, 6195, 1),
(48163, 761, 'Si седан 4-дв.', 1463241544, NULL, 6195, 1),
(48164, 761, 'Type-R хетчбэк 3-дв.', 1463241544, NULL, 6195, 1),
(48165, 761, 'Type-S хетчбэк 3-дв.', 1463241544, NULL, 771, 1),
(48166, 761, 'US-spec седан 4-дв.', 1463241544, NULL, 771, 1),
(48167, 761, 'Hybrid седан 4-дв.', 1463241544, NULL, 771, 1),
(48168, 761, 'Si седан 4-дв.', 1463241544, NULL, 771, 1),
(48169, 761, 'Type-R седан', 1463241544, NULL, 771, 1),
(48170, 761, 'Type-R хетчбэк 3-дв.', 1463241544, NULL, 771, 1),
(48171, 761, 'Type-R хетчбэк 3-дв.', 1463241544, NULL, 6196, 1),
(48172, 761, 'Si хетчбэк 3-дв.', 1463241544, NULL, 6196, 1),
(48173, 761, 'Hybrid седан 4-дв.', 1463241544, NULL, 6196, 1),
(48174, 761, 'Седан 4-дв.', 1463241544, NULL, 6196, 1),
(48175, 761, 'Type-R хетчбэк 3-дв.', 1463241544, NULL, 772, 1),
(48177, 761, 'Седан 4-дв.', 1463241544, NULL, 772, 1),
(48178, 761, 'Si хетчбэк 3-дв.', 1463241544, NULL, 772, 1),
(48179, 761, 'Лифтбэк', 1463241544, NULL, 773, 1),
(48180, 761, 'Купе 2-дв.', 1463241544, NULL, 773, 1),
(48181, 761, 'Shuttle универсал 5-дв.', 1463241545, NULL, 8094, 1),
(48182, 761, 'Si хетчбэк 3-дв.', 1463241545, NULL, 8094, 1),
(48188, 766, 'Внедорожник 5-дв.', 1463241562, NULL, 9354, 1),
(48189, 766, 'Внедорожник 3-дв.', 1463241562, NULL, 9354, 1),
(48190, 769, 'Минивэн', 1463241606, NULL, 9355, 1),
(48191, 770, 'SC кроссовер 5-дв.', 1463241610, NULL, 6615, 1),
(48192, 770, 'SC кроссовер 5-дв.', 1463241610, NULL, 789, 1),
(48193, 771, 'Минивэн', 1463241614, NULL, 9356, 1),
(48194, 771, 'Prestige минивэн 5-дв.', 1463241614, NULL, 9356, 1),
(48195, 771, 'Prestige минивэн 5-дв.', 1463241614, NULL, 8100, 1),
(48196, 773, 'Седан', 1463241617, NULL, 9357, 1),
(48197, 774, 'RS хетчбэк 5-дв.', 1463241625, NULL, 5834, 1),
(48198, 774, 'Hybrid хетчбэк 5-дв.', 1463241625, NULL, 9358, 1),
(48199, 774, 'RS Hybrid хетчбэк 5-дв.', 1463241625, NULL, 9358, 1),
(48200, 774, 'RS хетчбэк 5-дв.', 1463241625, NULL, 9358, 1),
(48201, 774, 'EV хетчбэк 5-дв.', 1463241625, NULL, 9358, 1),
(48202, 774, 'Хетчбэк', 1463241625, NULL, 791, 1),
(48203, 774, 'US-spec хетчбэк 5-дв.', 1463241625, NULL, 791, 1),
(48204, 774, 'RS хетчбэк 5-дв.', 1463241625, NULL, 791, 1),
(48205, 774, 'Хетчбэк', 1463241625, NULL, 792, 1),
(48206, 776, 'Минивэн', 1463241630, NULL, 8102, 1),
(48207, 776, 'Минивэн', 1463241630, NULL, 9359, 1),
(48208, 779, 'Type-S седан 4-дв.', 1463241669, NULL, 798, 1),
(48209, 780, 'Type S купе 2-дв.', 1463241681, NULL, 6002, 1),
(48210, 780, 'Купе 2-дв.', 1463241681, NULL, 801, 1),
(48211, 780, 'Type R JP купе 2-дв.', 1463241681, NULL, 6003, 1),
(48212, 780, 'Type R купе 2-дв.', 1463241681, NULL, 6003, 1),
(48213, 780, 'Type R седан 4-дв.', 1463241681, NULL, 6003, 1),
(48214, 780, 'Хетчбэк', 1463241681, NULL, 804, 1),
(48215, 780, 'Лифтбэк', 1463241681, NULL, 804, 1),
(48216, 782, 'Hybrid хетчбэк 5-дв.', 1463241685, NULL, 6004, 1),
(48217, 782, 'Si хетчбэк 5-дв.', 1463241685, NULL, 6004, 1),
(48218, 783, 'Седан', 1463241692, NULL, 9360, 1),
(48219, 784, 'Diva хетчбэк 5-дв.', 1463241703, NULL, 6007, 1),
(48220, 784, 'Diva хетчбэк 5-дв.', 1463241703, NULL, 811, 1),
(48221, 784, 'Diva хетчбэк 5-дв.', 1463241703, NULL, 9361, 1),
(48222, 784, 'Dunk хетчбэк 5-дв.', 1463241703, NULL, 9362, 1),
(48223, 784, 'Хетчбэк', 1463241703, NULL, 9362, 1),
(48224, 784, 'Хетчбэк', 1463241703, NULL, 813, 1),
(48225, 784, 'Хетчбэк', 1463241703, NULL, 8105, 1),
(48231, 785, 'Хетчбэк 3-дв.', 1463241707, NULL, 9364, 1),
(48232, 785, 'Хетчбэк 3-дв.', 1463241707, NULL, 9365, 1),
(48233, 785, 'Хетчбэк 5-дв.', 1463241707, NULL, 9365, 1),
(48234, 788, 'Тарга', 1463241713, NULL, 8110, 1),
(48235, 788, 'Купе', 1463241713, NULL, 9366, 1),
(48236, 788, 'Тарга', 1463241713, NULL, 9366, 1),
(48237, 790, 'Минивэн', 1463241735, NULL, 9367, 1),
(48238, 790, 'Absolute минивэн 5-дв.', 1463241735, NULL, 9367, 1),
(48239, 790, 'US-spec минивэн 5-дв.', 1463241735, NULL, 9368, 1),
(48240, 790, 'Минивэн 5-дв.', 1463241735, NULL, 9368, 1),
(48241, 790, 'Absolute минивэн 5-дв.', 1463241735, NULL, 9368, 1),
(48242, 790, 'US-spec минивэн 5-дв.', 1463241735, NULL, 819, 1),
(48243, 790, 'Absolute минивэн 5-дв.', 1463241735, NULL, 819, 1),
(48244, 790, 'US-spec минивэн', 1463241735, NULL, 9369, 1),
(48245, 790, 'Минивэн 5-дв.', 1463241735, NULL, 820, 1),
(48246, 790, 'US-spec минивэн 5-дв.', 1463241735, NULL, 820, 1),
(48247, 790, 'Absolute минивэн 5-дв.', 1463241735, NULL, 9370, 1),
(48248, 790, 'US-spec минивэн 5-дв.', 1463241735, NULL, 9370, 1),
(48249, 790, 'Prestige минивэн 5-дв.', 1463241735, NULL, 9370, 1),
(48250, 790, 'Минивэн', 1463241735, NULL, 821, 1),
(48251, 790, 'Prestige минивэн 5-дв.', 1463241735, NULL, 822, 1),
(48252, 795, 'Type SH купе 2-дв.', 1463241751, NULL, 829, 1),
(48253, 795, 'Type S купе 2-дв.', 1463241751, NULL, 829, 1),
(48254, 800, 'Type S родстер 2-дв.', 1463241784, NULL, 8115, 1),
(48255, 800, 'CR родстер 2-дв.', 1463241784, NULL, 8115, 1),
(48256, 801, 'Type S седан 4-дв.', 1463241787, NULL, 834, 1),
(48257, 803, 'Минивэн', 1463241795, NULL, 9371, 1),
(48258, 803, 'Spada минивэн 5-дв.', 1463241795, NULL, 9371, 1),
(48259, 803, 'Spada минивэн 5-дв.', 1463241795, NULL, 836, 1),
(48260, 803, 'Spada минивэн 5-дв.', 1463241795, NULL, 9372, 1),
(48261, 803, 'Минивэн', 1463241795, NULL, 9372, 1),
(48262, 803, 'Spada минивэн 5-дв.', 1463241795, NULL, 838, 1),
(48263, 804, 'Минивэн', 1463241800, NULL, 6014, 1),
(48264, 807, 'Euro R седан 4-дв.', 1463241805, NULL, 8120, 1),
(48318, 862, 'Sebastian Vettel Edition кроссовер 5-дв.', 1463242109, NULL, 902, 1),
(48319, 864, 'Кабриолет', 1463242150, 1463242150, 909, 1),
(48320, 864, 'Купе', 1463242150, 1464652574, 909, 1),
(48321, 864, 'Купе', 1463242151, 1464652574, 910, 1),
(48322, 864, 'Кабриолет', 1463242151, 1464652574, 910, 1),
(48323, 864, 'Седан', 1463242151, NULL, 9412, 1),
(48324, 864, 'Купе', 1463242151, NULL, 9412, 1),
(48325, 864, 'Купе', 1463242151, NULL, 9413, 1),
(48326, 864, 'Седан', 1463242151, NULL, 9413, 1),
(48327, 864, 'Седан', 1463242151, NULL, 9414, 1),
(48328, 864, 'Седан', 1463242151, NULL, 9415, 1),
(48329, 867, 'M35 седан', 1463242160, NULL, 5895, 1),
(48330, 867, 'M35 седан', 1463242160, NULL, 912, 1),
(48331, 867, 'M45 седан', 1463242160, NULL, 912, 1),
(48332, 871, 'Внедорожник', 1463242169, NULL, 9418, 1),
(48333, 871, 'QX4 внедорожник', 1463242169, NULL, 9419, 1),
(48334, 871, 'QX4 внедорожник', 1463242169, NULL, 9420, 1),
(48335, 872, 'Кроссовер', 1463242171, NULL, 9421, 1),
(48336, 873, 'Кроссовер', 1463242172, NULL, 9422, 1),
(50203, 20160, 'Универсал', 1463309706, NULL, 10230, 1),
(50204, 20160, 'Hybrid универсал 5-дв.', 1463309706, NULL, 10231, 1),
(50205, 20160, 'Универсал', 1463309706, NULL, 10231, 1),
(50206, 20162, 'Минивэн', 1463309709, NULL, 10232, 1),
(50207, 20162, 'Минивэн', 1463309709, NULL, 10233, 1),
(50270, 20214, 'I35 седан', 1463310019, NULL, 10283, 1),
(50271, 20214, 'Седан', 1463310019, NULL, 10283, 1),
(50272, 20214, 'Седан', 1463310019, NULL, 10284, 1);

-- --------------------------------------------------------


--
-- Table structure for table `car_modification`
--

CREATE TABLE IF NOT EXISTS `car_modification` (
  `id_car_modification` int(11) NOT NULL AUTO_INCREMENT COMMENT 'ID',
  `id_car_serie` int(11) NOT NULL,
  `id_car_model` int(11) NOT NULL,
  `name` varchar(255) NOT NULL,
  `date_create` int(10) unsigned DEFAULT NULL,
  `date_update` int(10) unsigned DEFAULT NULL,
  `id_car_type` int(8) NOT NULL,
  PRIMARY KEY (`id_car_modification`),
  KEY `id_car_model` (`id_car_model`),
  KEY `id_car_serie` (`id_car_serie`),
  KEY `id_car_type` (`id_car_type`)
) ENGINE=MyISAM  DEFAULT CHARSET=utf8 COMMENT='Модификации автомобилей' AUTO_INCREMENT=219488 ;

--
-- Dumping data for table `car_modification`
--

INSERT INTO `car_modification` (`id_car_modification`, `id_car_serie`, `id_car_model`, `name`, `date_create`, `date_update`, `id_car_type`) VALUES
(5233, 1034, 754, '1.5 CVT (110 л. с.)', 1399206317, 1463946304, 1),
(5234, 1034, 754, '1.5 CVT 4WD (110 л. с.)', 1399206317, 1463946304, 1),
(5291, 1047, 766, '1.8 AT (140 л. с.)', 1399207516, 1463946307, 1),
(5292, 1047, 766, '1.8 AT 4WD (140 л. с.)', 1399207516, 1463946308, 1),
(5293, 1047, 766, '2.0 AT (150 л. с.)', 1399207516, 1463946308, 1),
(5294, 1047, 766, '2.0 AT 4WD (150 л. с.)', 1399207516, 1463946308, 1),
(5304, 1050, 769, '2.0 AT (156 л. с.)', 1399207529, 1463946309, 1),
(5305, 1050, 769, '2.0 AT 4WD (156 л. с.)', 1399207530, 1463946309, 1),
(5310, 1052, 771, '2.4 AT (160 л. с.)', 1399207532, 1463946310, 1),
(5311, 1052, 771, '2.4 AT 4WD (160 л. с.)', 1399207532, 1463946311, 1),
(5319, 1054, 773, '1.5 CVT (110 л. с.)', 1399207536, 1463946311, 1),
(5320, 1054, 773, '1.5 CVT 4WD (110 л. с.)', 1399207536, 1463946311, 1),
(5336, 1056, 775, '1.7 MT (125 л. с.)', 1399208108, 1463946312, 1),
(5338, 1056, 775, '2.0 MT (150 л. с.)', 1399208108, 1463946313, 1),
(5339, 1056, 775, '2.2 CTDi MT (140 л. с.)', 1399208108, 1463946313, 1),
(5391, 1070, 787, '1.5 CVT (110 л. с.)', 1399209316, 1463946423, 1),
(5392, 1070, 787, '1.5 CVT (90 л. с.)', 1399209316, 1463946423, 1),
(5393, 1070, 787, '1.5 CVT 4WD (90 л. с.)', 1399209316, 1463946423, 1),
(5403, 1074, 791, '1.8 AT (140 л. с.)', 1399209321, 1463946424, 1),
(5404, 1074, 791, '1.8 MT (140 л. с.)', 1399209321, 1463946425, 1),
(5428, 1080, 797, '2.0 MT (160 л. с.)', 1399210232, 1463946426, 1),
(5429, 1080, 797, '2.5 AT (180 л. с.)', 1399210232, 1463946426, 1),
(5432, 1081, 798, '3.5 AT (250 л. с.)', 1399210234, 1463946427, 1),
(5433, 1082, 799, '2.0 AT 4WD (131 л. с.)', 1399210235, 1463946428, 1),
(5434, 1082, 799, '2.0 AT (130 л. с.)', 1399210235, 1463946428, 1),
(5435, 1082, 799, '2.0 AT (140 л. с.)', 1399210236, 1463946428, 1),
(5436, 1082, 799, '2.0 AT 4WD (140 л. с.)', 1399210236, 1463946428, 1),
(5437, 1083, 800, '2.0 MT GT Edition 100 UK (237 л. с.)', 1399210237, 1463946431, 1),
(5438, 1083, 800, '2.0 MT (237 л. с.)', 1399210237, 1463946431, 1),
(5440, 1083, 800, '2.2 MT (239 л. с.)', 1399210237, 1463946431, 1),
(5443, 1085, 802, '2.2 AT (150 л. с.)', 1399211417, 1463946432, 1),
(5445, 1085, 802, '2.3 AT (150 л. с.)', 1399211417, 1463946432, 1),
(5453, 1088, 805, '0.7 AT (52 л. с.)', 1399211422, 1463946434, 1),
(5454, 1088, 805, '0.7 AT Turbo (64 л. с.)', 1399211422, 1463946434, 1),
(5455, 1089, 806, '0.7 AT (48 л. с.)', 1399211423, 1463946542, 1),
(5456, 1089, 806, '0.7 AT (58 л. с.)', 1399211423, 1463946542, 1),
(5457, 1089, 806, '0.7 MT (48 л. с.)', 1399211423, 1463946543, 1),
(5458, 1089, 806, '0.7 MT (58 л. с.)', 1399211423, 1463946543, 1),
(5459, 1090, 807, '1.8 AT (140 л. с.)', 1399211425, 1463946544, 1),
(5460, 1090, 807, '2.0 AT (150 л. с.)', 1399211425, 1463946546, 1),
(5461, 1090, 807, '2.0 AT (180 л. с.)', 1399211425, 1463946545, 1),
(5462, 1090, 807, '2.0 MT (150 л. с.)', 1399211425, 1463946547, 1),
(5463, 1090, 807, '2.0 MT (200 л. с.)', 1399211425, 1463946546, 1),
(5867, 1169, 869, '2.0 T AT (211 л. с.)', 1399216828, 1463946792, 1),
(5870, 1169, 869, '3.5 AT AWD Hybrid (355 л. с.)', 1399216829, 1463946793, 1),
(5871, 1169, 869, '3.5 AT Hybrid (364 л. с.)', 1399216829, 1463946794, 1),
(5883, 1174, 874, '3.0 D AT AWD (238 л. с.)', 1399216835, 1463946795, 1),
(5884, 1174, 874, '3.7 AT AWD (333 л. с.)', 1399216835, 1463946797, 1),
(5885, 1174, 874, '5.0 AT AWD (400 л. с.)', 1399216835, 1463946798, 1),
(17958, 3418, 753, '2.4 AT (180 л. с.)', 1402294775, 1464000786, 1),
(17960, 3418, 753, '2.4 MT (180 л. с.)', 1402294775, 1464000789, 1),
(17962, 3418, 753, '3.5 AT (281 л. с.)', 1402294775, 1466290814, 1),
(17968, 3420, 759, '1.3 MT (100 л. с.)', 1402294791, 1464000797, 1),
(17969, 3420, 759, '1.5 MT (120 л. с.)', 1402294791, 1464000797, 1),
(17985, 3423, 762, '1.5 MT (90 л. с.)', 1402294813, 1464000821, 1),
(17988, 3423, 762, '1.6 MT (112 л. с.)', 1402294813, 1464000823, 1),
(17989, 3423, 762, '1.6 MT (122 л. с.)', 1402294813, 1464000823, 1),
(17991, 3424, 762, '1.5 MT (90 л. с.)', 1402295469, 1464000903, 1),
(17994, 3424, 762, '1.6 MT (112 л. с.)', 1402295469, 1464000906, 1),
(17995, 3424, 762, '1.6 MT (122 л. с.)', 1402295469, 1464000905, 1),
(17996, 3425, 763, '2.0 AT 4WD (155 л. с.)', 1402295476, 1464000921, 1),
(17997, 3425, 763, '2.0 AT 4WD (150 л. с.)', 1402295476, 1464000921, 1),
(17998, 3425, 763, '2.0 MT 4WD (150 л. с.)', 1402295476, 1464000925, 1),
(17999, 3425, 763, '2.0 MT 4WD (155 л. с.)', 1402295476, 1464000930, 1),
(18000, 3425, 763, '2.0 CVT (150 л. с.)', 1402295476, 1464000936, 1),
(18001, 3425, 763, '2.2 i-DTEC AT 4WD (150 л. с.)', 1402295476, 1464000930, 1),
(18002, 3425, 763, '2.0 MT (155 л. с.)', 1402295477, 1464000930, 1),
(18003, 3425, 763, '2.2 i-DTEC MT 4WD (150 л. с.)', 1402295477, 1464000930, 1),
(18004, 3425, 763, '2.4 AT 4WD (187 л. с.)', 1402295477, 1464000930, 1),
(18005, 3425, 763, '2.4 AT 4WD (190 л. с.)', 1402295477, 1464000930, 1),
(18009, 3427, 767, '2.4 AT (194 л. с.)', 1402295490, 1464000938, 1),
(18010, 3427, 767, '3.5 AT (281 л. с.)', 1402295490, 1464000941, 1),
(18011, 3427, 767, '3.5 AT 4WD (281 л. с.)', 1402295490, 1464000941, 1),
(18012, 3428, 768, '1.5 AT (105 л. с.)', 1402295495, 1464000945, 1),
(18013, 3428, 768, '1.5 MT (105 л. с.)', 1402295495, 1464000946, 1),
(18014, 3428, 768, '1.6 AT (120 л. с.)', 1402295495, 1464000948, 1),
(18015, 3428, 768, '1.6 MT (120 л. с.)', 1402295495, 1464000950, 1),
(18016, 3429, 770, '2.4 AT (166 л. с.)', 1402295501, 1464000953, 1),
(18017, 3429, 770, '2.4 AT 4WD (166 л. с.)', 1402295501, 1464000955, 1),
(18018, 3429, 770, '2.4 MT (166 л. с.)', 1402295501, 1464000955, 1),
(18019, 3429, 770, '2.4 MT 4WD (166 л. с.)', 1402295501, 1464000955, 1),
(18021, 3430, 774, '1.3 CVT (100 л. с.)', 1402295508, 1464000959, 1);

-- --------------------------------------------------------

--
-- Table structure for table `car_option`
--

CREATE TABLE IF NOT EXISTS `car_option` (
  `id_car_option` int(8) NOT NULL AUTO_INCREMENT,
  `name` varchar(255) NOT NULL,
  `id_parent` int(8) DEFAULT NULL,
  `date_create` int(10) unsigned NOT NULL,
  `date_update` int(10) unsigned NOT NULL,
  `id_car_type` int(8) NOT NULL,
  PRIMARY KEY (`id_car_option`),
  KEY `id_car_type` (`id_car_type`)
) ENGINE=MyISAM  DEFAULT CHARSET=utf8 COMMENT='Опции' AUTO_INCREMENT=23876 ;

--
-- Dumping data for table `car_option`
--

INSERT INTO `car_option` (`id_car_option`, `name`, `id_parent`, `date_create`, `date_update`, `id_car_type`) VALUES
(2, 'Гидроусилитель руля', 1, 1464484023, 1465942086, 1),
(3, 'Регулировка рулевой колонки по углу наклона', 1, 1464484023, 1465942185, 1),
(4, 'Регулировка рулевой колонки по вылету', 1, 1464484023, 1465942200, 1),
(5, 'Датчики дождя и света', 1, 1464484023, 1465942442, 1),
(6, 'Омыватели фар', 1, 1464484023, 1465942442, 1),
(7, 'Электропривод задних стекол', 1, 1464484023, 1465942442, 1),
(9, 'Электропривод боковых зеркал', 1, 1464484023, 1465942443, 1),
(10, 'Регулировка высоты сиденья водителя', 1, 1464484023, 1465942443, 1),
(12, 'Климат-контроль', 11, 1464484023, 1465942444, 1),
(13, 'Обогрев лобового стекла', 11, 1464484023, 1465942445, 1),
(14, 'Обогрев боковых зеркал', 11, 1464484023, 1465942445, 1),
(15, 'Обогрев передних сидений', 11, 1464484023, 1465942567, 1),
(16, 'Охлаждаемый перчаточный ящик', 11, 1464484023, 1465942567, 1),
(18, 'Бортовой компьютер', 17, 1464484023, 1465942568, 1),
(19, 'Управление аудиосистемой на руле', 17, 1464484023, 1465942568, 1),
(20, '6 динамиков', 17, 1464484023, 1465942568, 1),
(21, 'CD-проигрыватель', 17, 1464484023, 1465942569, 1),
(22, 'Поддержка MP3', 17, 1464484023, 1465942569, 1),
(25, 'Иммобилайзер', 23, 1464484023, 1465942687, 1),
(27, 'Подушки безопасности водителя', 26, 1464484023, 1465942688, 1),
(28, 'Подушки безопасности пассажира', 26, 1464484023, 1465942688, 1),
(29, 'Подушки безопасности боковые передние', 26, 1464484023, 1465942688, 1),
(30, 'Подушки безопасности занавесочного типа', 26, 1464484023, 1465942689, 1),
(31, 'Крепление для детского сиденья ISOFIX', 26, 1464484023, 1465942689, 1),
(33, 'Антиблокировочная система тормозов (ABS)', 32, 1464484023, 1465942690, 1),
(34, 'Система курсовой устойчивости (ESP)', 32, 1464484023, 1465942690, 1),
(35, 'Система распределения тормозных усилий', 32, 1464484023, 1465942696, 1),
(36, 'Круиз-контроль', 32, 1464484023, 1465942696, 1),
(37, 'Датчики парковки сзади', 32, 1464484023, 1465942697, 1),
(39, 'Легкосплавные колесные диски', 38, 1464484023, 1465942697, 1),
(40, 'Рейлинги на крыше', 38, 1464484023, 1465942698, 1),
(41, 'Окраска кузова металлик', 38, 1464484023, 1465942698, 1),
(44, 'Противотуманные фары', 43, 1464484023, 1465942699, 1),
(47, 'Тканевая обивка салона', 46, 1464484023, 1465942807, 1),
(48, 'Кожаный руль и ручка КПП', 46, 1464484023, 1465942808, 1),
(57, 'Боковые зеркала в цвет кузова', 38, 1464484024, 1465942927, 1),
(59, 'Дверные ручки в цвет кузова', 38, 1464484024, 1465942928, 1),
(70, 'Датчик дождя', 1, 1464484025, 1465943050, 1),
(78, 'Ксеноновые фары', 43, 1464484026, 1465943053, 1),
(79, 'Окраска кузова перламутр', 38, 1464484027, 1465943054, 1),
(80, 'Электропривод водительского сиденья', 1, 1464484027, 1465943169, 1),
(81, 'Электропривод пассажирского сиденья', 1, 1464484027, 1465943169, 1),
(82, 'CD-чейнджер', 17, 1464484027, 1465943169, 1),
(83, 'Коммуникационная система Bluetooth', 17, 1464484027, 1465943170, 1),
(85, 'Биксеноновые фары', 43, 1464484027, 1465943170, 1),
(86, 'Кожаная обивка салона', 46, 1464484027, 1465943171, 1),
(98, 'Регулировка рулевой колонки по высоте', 1, 1464484033, 1465943290, 1),
(102, 'Обогрев заднего стекла', 11, 1464484033, 1465943291, 1),
(107, 'Система RDS', 17, 1464484033, 1465943293, 1),
(110, 'Центральный замок', 23, 1464484033, 1465943408, 1),
(129, 'Галогенные фары', 43, 1464484033, 1465943470, 1),
(130, 'Передние противотуманные фары', 43, 1464484033, 1465943470, 1),
(136, 'Запасное колесо полноразмерное', 135, 1464484033, 1465943472, 1),
(143, 'USB порт', 17, 1464484034, 1465943591, 1),
(149, 'Хромированные ручки открывания дверей', 38, 1464484034, 1465943593, 1),
(156, 'Электрорегулируемые зеркала заднего вида с обогревом', 1, 1464484037, 1465943709, 1),
(159, 'Разъем для подключения внешнего аудиоустройства', 17, 1464484037, 1465943710, 1),
(162, 'Помощь при экстренном торможении', 32, 1464484037, 1465943711, 1),
(171, 'Кожаная отделка рулевого колеса', 1, 1464484039, 1465943829, 1),
(176, 'Карманы на спинках передних сидений', 46, 1464484040, 1465943831, 1),
(178, 'Кожаный руль', 1, 1464484043, 1465943832, 1),
(180, 'Антипробуксовочная система (ASR)', 32, 1464484043, 1465943832, 1),
(181, 'Запасное колесо малоразмерное', 135, 1464484043, 1465943833, 1),
(185, 'Ремни безопасности с ограничителем нагрузки', 26, 1464484055, 1465943949, 1),
(194, 'Кондиционер', 11, 1464484058, 1465943952, 1),
(196, '4 динамика', 17, 1464484058, 1465943953, 1),
(197, 'Сигнализация', 23, 1464484058, 1465943953, 1),
(200, 'Передние ремни безопасности с регулировкой по высоте', 26, 1464484058, 1465944068, 1),
(202, 'Электронная система распределения тормозных усилий (EBD)', 32, 1464484058, 1465944069, 1),
(212, 'Фронтальные подушки безопасности', 26, 1464484059, 1465944073, 1),
(213, 'Блокировка задних дверей (защита для детей)', 26, 1464484059, 1465944073, 1),
(215, 'Тканевая обивка сидений', 46, 1464484060, 1465944128, 1),
(216, 'Передний подлокотник', 46, 1464484060, 1465944129, 1),
(218, 'Преднатяжители ремней безопасности', 26, 1464484060, 1465944130, 1),
(225, 'Подушка безопасности для коленей водителя', 26, 1464484063, 1465944132, 1),
(226, 'Шторки безопасности', 26, 1464484063, 1465944132, 1),
(228, 'Панорамная крыша', 38, 1464484063, 1465944133, 1),
(232, 'Датчик света', 43, 1464484063, 1465944250, 1),
(235, 'Кожаная ручка КПП', 46, 1464484063, 1465944251, 1),
(236, 'Автоматически затемняющееся внутреннее зеркало заднего вида', 46, 1464484063, 1465944251, 1),
(245, 'Подушки безопасности занавесочного типа передние', 26, 1464484068, 1465944369, 1),
(250, 'Автоматически затемняющиеся, складывающиеся зеркала заднего вида с электроприводом', 1, 1464484080, 1465944370, 1),
(252, 'Память настроек сиденья водителя', 1, 1464484080, 1465944371, 1),
(253, 'Климат-контроль двухзонный', 11, 1464484080, 1465944371, 1),
(254, 'Обогрев задних сидений', 11, 1464484080, 1465944372, 1),
(255, 'Навигационная система с жестким диском', 17, 1464484080, 1465944372, 1),
(256, 'Сабвуфер', 17, 1464484080, 1465944372, 1),
(257, '8 динамиков', 17, 1464484080, 1465944373, 1),
(258, 'Многофункциональный цветной дисплей', 17, 1464484080, 1465944373, 1),
(260, 'Подушка безопасности пассажира с функцией деактивации', 26, 1464484080, 1465944489, 1),
(261, 'Подушки безопасности боковые задние', 26, 1464484080, 1465944489, 1),
(262, 'Датчики парковки спереди', 32, 1464484080, 1465944490, 1),
(264, 'Система контроля давления в шинах', 32, 1464484080, 1465944490, 1),
(265, 'Система регулировки жесткости подвески', 32, 1464484080, 1465944491, 1),
(266, 'Система адаптивного освещения дороги', 43, 1464484080, 1465944491, 1),
(322, 'Центральный подлокотник сзади', 46, 1464484083, 1465944969, 1),
(339, 'Передние и задние подголовники', 26, 1464484085, 1465945030, 1),
(345, 'Внутреннее зеркало заднего вида с механическим затемнением', 46, 1464484085, 1465945032, 1),
(347, 'Алюминиевые накладки на педалях', 46, 1464484085, 1465945033, 1),
(400, 'Воздуховоды для пассажиров заднего ряда', 11, 1464484119, 1465945510, 1),
(407, 'Сигнализатор о непристегнутых ремнях', 26, 1464484119, 1465945513, 1),
(409, 'Камера заднего вида', 32, 1464484119, 1465945513, 1),
(420, 'Светодиодные дневные ходовые огни', 43, 1464484120, 1465945633, 1),
(455, 'Датчики парковки спереди и сзади', 32, 1464484121, 1465945989, 1),
(464, 'Система помощи при старте на подъеме', 32, 1464484143, 1465945992, 1),
(472, 'Кожаная обивка сидений', 46, 1464484143, 1465946109, 1),
(492, 'Багажная сетка', 1, 1464484163, 1465946231, 1),
(493, 'Шторка багажного отделения', 1, 1464484163, 1465946232, 1),
(494, 'Электропривод складывания зеркал', 1, 1464484163, 1465946232, 1),
(498, 'Активные подголовники передних сидений', 1, 1464484163, 1465946234, 1),
(499, 'Центральный замок с ДУ', 1, 1464484163, 1465946234, 1),
(501, 'Климат-контроль трехзонный', 11, 1464484163, 1465946349, 1),
(512, 'Боковые подушки безопасности', 26, 1464484163, 1465946353, 1),
(513, 'Подушки безопасности занавесочного типа задние', 26, 1464484163, 1465946354, 1),
(530, 'Подсветка туалетных зеркал в солнцезащитных козырьках', 43, 1464484163, 1465946589, 1),
(539, 'Компактное запасное колесо', 135, 1464484163, 1465946592, 1),
(544, 'Электрорегулировка зеркал заднего вида', 1, 1464484164, 1465946594, 1),
(549, 'Противоугонная система', 23, 1464484164, 1465946710, 1),
(552, 'Автоматическое запирание дверей при движении', 26, 1464484164, 1465946711, 1),
(555, 'Антипробуксовочная система', 32, 1464484164, 1465946712, 1),
(557, 'Легкосплавные колесные диски 16"', 38, 1464484165, 1465946713, 1),
(558, 'Светодиодные задние фонари', 43, 1464484165, 1465946713, 1),
(569, 'Складывающиеся задние сиденья', 1, 1464484166, 1465946832, 1),
(589, 'Бамперы в цвет кузова', 38, 1464484166, 1465946954, 1),
(613, 'Электроусилитель руля', 1, 1464484170, 1465947192, 1),
(614, 'Электростеклоподъемники', 1, 1464484170, 1465947192, 1),
(620, 'Хромированная решетка радиатора', 38, 1464484170, 1465947309, 1),
(625, 'Вещевой ящик', 46, 1464484171, 1465947310, 1),
(627, 'Подстаканники', 46, 1464484171, 1465947311, 1),
(636, 'Молдинги в цвет кузова', 38, 1464484172, 1465947429, 1),
(648, 'Антенна', 17, 1464484178, 1465947433, 1),
(656, 'Атермальное остекление', 38, 1464484179, 1465947551, 1),
(663, 'Солнцезащитные шторки задних дверей', 46, 1464484179, 1465947553, 1),
(664, 'Вещевой отсек в переднем подлокотнике', 46, 1464484179, 1465947553, 1),
(698, 'Передние и задние брызговики', 38, 1464484184, 1465947910, 1),
(722, 'Лампы для чтения карт', 43, 1464484195, 1465948033, 1),
(723, 'Кнопка запуска,остановки двигателя', 1, 1464484197, 1465948033, 1),
(753, 'Задние подголовники', 26, 1464484212, 1465948273, 1),
(754, 'Навигационная система', 17, 1464484214, 1465948273, 1),
(755, 'DVD-проигрыватель', 17, 1464484214, 1465948328, 1),
(756, 'Люк с электроприводом', 38, 1464484214, 1465948328, 1),
(759, 'Задний стеклоочиститель', 1, 1464484216, 1465948329, 1),
(764, 'Футляр для солнечных очков', 1, 1464484217, 1465948331, 1),
(775, 'Парктроник', 32, 1464484217, 1465948450, 1),
(780, 'Брызговики', 38, 1464484217, 1465948452, 1),
(855, 'Регулировка поясничного упора сиденья водителя', 1, 1464484229, 1465949052, 1),
(861, 'Маршрутный компьютер', 17, 1464484229, 1465949169, 1),
(863, 'AM/FM-стерео', 17, 1464484229, 1465949169, 1),
(876, 'Легкосплавные колесные диски 17"', 38, 1464484230, 1465949289, 1),
(886, 'Управление круиз-контролем на руле', 1, 1464484230, 1465949292, 1),
(887, 'Датчик уровня жидкости в бачке стеклоомывателя', 1, 1464484231, 1465949293, 1),
(890, 'Обогрев рулевого колеса', 11, 1464484231, 1465949409, 1),
(896, 'Активные подголовники передних сидений', 26, 1464484231, 1465949411, 1),
(898, 'Боковые зеркала с повторителями указателей поворота', 38, 1464484231, 1465949412, 1),
(901, 'Автоматическая коррекция угла наклона фар', 43, 1464484231, 1465949413, 1),
(927, 'Электропривод багажной двери', 1, 1464484334, 1465949651, 1),
(934, 'Обогрев зоны покоя стеклоочистителей', 11, 1464484334, 1465949653, 1),
(945, 'Задний спойлер', 38, 1464484334, 1465949772, 1),
(957, 'Память настроек боковых зеркал', 1, 1464484335, 1465949892, 1),
(958, 'Память настроек рулевой колонки', 1, 1464484335, 1465949892, 1),
(960, 'Поддержка iPod', 17, 1464484335, 1465949893, 1),
(966, 'Регулировка задних сидений по наклону', 1, 1464484336, 1465950008, 1),
(968, 'Комфортный доступ без ключа', 23, 1464484336, 1465950009, 1),
(973, 'Подсветка в дверях', 43, 1464484337, 1465950011, 1),
(977, 'Регулировка рулевой колонки по длине', 1, 1464484345, 1465950013, 1),
(978, 'Спортивный кожаный руль', 1, 1464484345, 1465950013, 1),
(979, 'Управление системой поддержания постоянной скорости движения на руле', 1, 1464484345, 1465950013, 1),
(980, 'Чип-ключ с кнопочным включением зажигания', 1, 1464484345, 1465950129, 1),
(981, 'Выдвижные омыватели фар', 1, 1464484345, 1465950129, 1),
(982, 'Стеклоочистители с автоматически изменяемым интервалом в зависимости от скорости движения автомобиля', 1, 1464484345, 1465950130, 1),
(983, 'Открываемые на угол 80 градусов задние боковые двери (облегчает посадку и выход из автомобиля)', 1, 1464484345, 1465950130, 1),
(984, 'Сохраняющееся в течение 45 секунд после остановки двигателя питание привода стекол дверей и прозрачного люка', 1, 1464484345, 1465950130, 1),
(985, 'Устройство дистанционного открывания крышки багажника в экстренных случаях', 1, 1464484345, 1465950131, 1),
(986, 'Ручка на внутренней стороне задней двери', 1, 1464484345, 1465950131, 1),
(987, 'Система складывания всех стекол одним нажатием кнопки', 1, 1464484345, 1465950131, 1),
(988, 'Режим автоматической синхронизации руля и боковых зеркал при регулировке сиденья водителя', 1, 1464484345, 1465950132, 1),
(989, 'Передние сиденья с электрическим приводом, регулируемые в 8 направлениях', 1, 1464484345, 1465950132, 1),
(990, 'Устройство запоминания на два варианта регулировок положения сиденья водителя', 1, 1464484345, 1465950133, 1),
(991, 'Кнопки управления поднятием/опусканием в багажнике и кнопки поднятия на центральной консоли', 1, 1464484345, 1465950133, 1),
(992, 'Автоматически складывающиеся задние сиденья', 1, 1464484345, 1465950133, 1),
(993, 'Обогрев заднего стекла с таймером', 11, 1464484345, 1465950134, 1),
(994, 'Обогрев передних сидений с новым дизайном кнопок', 11, 1464484345, 1465950134, 1),
(995, 'Вентиляционные отверстия в задней части салона и воздуховоды отопителя на полу', 11, 1464484345, 1465950249, 1),
(996, 'Система Plasma Cluster (ионизатором и очистителем воздуха)', 11, 1464484345, 1465950249, 1),
(997, 'Автоматическая рециркуляция воздуха', 11, 1464484345, 1465950250, 1),
(998, 'Центральный дисплей с маршрутным компьютером на приборном щитке', 17, 1464484345, 1465950250, 1),
(999, 'Тахометр', 17, 1464484345, 1465950250, 1),
(1000, 'Авторегулировка громкости звука в зависимости от скорости движения автомобиля', 17, 1464484345, 1465950251, 1),
(1001, 'Контроллер Infiniti Jog Dial', 17, 1464484345, 1465950251, 1),
(1002, 'Двухканальная аудиосистема Hi-Fi 08IT Bose 2.0', 17, 1464484346, 1465950251, 1),
(1003, 'Парковочный дисплей', 17, 1464484346, 1465950252, 1),
(1004, 'Смонтированная на ветровом стекле антенна', 17, 1464484346, 1465950252, 1),
(1005, 'AM/FM, RDS', 17, 1464484346, 1465950252, 1),
(1006, 'Жесткий диск', 17, 1464484346, 1465950253, 1),
(1007, 'Поддержка форматов MP3 и WMA', 17, 1464484346, 1465950253, 1),
(1008, '10 динамиков', 17, 1464484346, 1465950253, 1),
(1009, 'Дисплей 7" для аудиосистемы, климат контроля и напоминания о необходимости проведения технического обслуживания', 17, 1464484346, 1465950254, 1),
(1010, 'Сигнализация с иммобилайзером автомобиля Infiniti с закодированной микросхемой ответной части, вмонтированной в электронный ключ', 23, 1464484346, 1465950369, 1),
(1011, 'Автоматическая блокировка центрального замка при движении', 23, 1464484346, 1465950369, 1),
(1012, 'Электропривод замков дверей', 23, 1464484346, 1465950369, 1),
(1013, 'Выбор режима отпирания только водительской двери или всех дверей', 23, 1464484346, 1465950370, 1),
(1014, 'Память настроек связанная с индивидуальными брелками системы “Intelligent key”', 23, 1464484346, 1465950370, 1),
(1015, 'Система улучшенных надувных подушек безопасности Infiniti (AABS)', 26, 1464484346, 1465950370, 1),
(1016, 'Двухрежимные передние подушки безопасности с датчиками ремней безопасности и датчиком распознавания присутствия пассажира', 26, 1464484346, 1465950371, 1),
(1017, 'Дополнительные боковые надувные подушки, установленные на передних сиденьях для защиты при боковом столкновении', 26, 1464484346, 1465950371, 1),
(1018, 'Установленные в потолке салона дополнительные надувные шторки для защиты передних и крайних задних пассажиров', 26, 1464484346, 1465950371, 1),
(1019, '"Ломающийся" карданный вал', 26, 1464484346, 1465950372, 1),
(1020, 'Три подголовника задних сидений', 26, 1464484346, 1465950372, 1),
(1021, 'Ремни безопасности с ELR/ALR (для водителя только ELR)', 26, 1464484346, 1465950372, 1),
(1022, '3-точечные ремни безопасности', 26, 1464484346, 1465950373, 1),
(1023, 'Сдвижной блок педали тормоза', 26, 1464484346, 1465950373, 1),
(1024, '4-канальная антиблокировочная система (ABS)', 32, 1464484346, 1465950374, 1),
(1025, 'Система динамической стабилизации автомобиля (VDC)', 32, 1464484346, 1465950489, 1),
(1026, 'Система помощи при экстренном торможении (BA)', 32, 1464484346, 1465950489, 1),
(1027, 'Зуммер предупреждения о забытых в замке ключах', 32, 1464484346, 1465950489, 1),
(1028, 'Система давления воздуха в шинах (TPMS)', 32, 1464484346, 1465950490, 1),
(1029, 'Световой индикатор предупреждения о незакрытой двери багажника', 32, 1464484346, 1465950490, 1),
(1030, 'Зуммер предупреждения о невыключенных фарах', 32, 1464484346, 1465950491, 1),
(1031, 'Боковые молдинги в цвет кузова', 38, 1464484346, 1465950491, 1),
(1032, 'Краска, сопротивляющаяся мелким царапинам', 38, 1464484346, 1465950491, 1),
(1033, 'Двойные хромированные насадки на выпускные трубы', 38, 1464484346, 1465950492, 1),
(1034, 'Алюминиевые накладки на педалях с подсветкой', 38, 1464484346, 1465950492, 1),
(1035, 'Хромированная декоративная решетка радиатора и ручки дверей', 38, 1464484346, 1465950492, 1),
(1036, 'Алюминиевый капот с газовыми амортизаторами и двойным замком', 38, 1464484346, 1465950493, 1),
(1037, 'Стекла с УФ-фильтром (ветровое - с зеленоватым затемнением)', 38, 1464484346, 1465950493, 1),
(1038, 'Тонированные стекла задних дверей и зоны багажника', 38, 1464484346, 1465950493, 1),
(1039, 'Легкосплавные колесные диски 18"', 38, 1464484346, 1465950494, 1),
(1040, 'Алюминиевые рейлинги багажника на крыше', 38, 1464484346, 1465950609, 1),
(1041, 'Задний противотуманный фонарь', 43, 1464484346, 1465950609, 1),
(1042, 'Система адаптивного освещения дороги (AFS)', 43, 1464484346, 1465950609, 1),
(1043, 'Система Welcome Lightning ("интуитивное освещение") подсвечивающая автомобиль при приближении автомобиля', 43, 1464484346, 1465950610, 1),
(1044, 'Двойной верхний плафон для чтения дорожных карт спереди, фонари для чтения сзади', 43, 1464484346, 1465950610, 1),
(1045, 'Освещение при посадке в автомобиль с задержкой выключения', 43, 1464484346, 1465950611, 1),
(1046, 'Освещаемые плафоны подсветки боковых зеркал', 43, 1464484346, 1465950611, 1),
(1047, 'Оптитронные приборы с бело-фиолетовой подсветкой', 43, 1464484346, 1465950611, 1),
(1048, 'Отделка салона вставками из кленового дерева', 46, 1464484346, 1465950612, 1),
(1049, 'Откидной центральный подлокотник заднего сиденья', 46, 1464484346, 1465950612, 1),
(1050, 'Аналоговые часы Infiniti', 46, 1464484346, 1465950612, 1),
(20512, 'Освещаемые алюминиевые накладки порогов дверей', 38, 1464499634, 1466080160, 1),
(20513, '18” легкосплавные колесные диски (235/65R18)', 38, 1464499634, 1466080161, 1),
(20514, 'Топливный бак объемом 74л', 135, 1464499634, 1466080161, 1),
(20515, 'Усовершенствованная система климат-контроля Plasma Cluster с ионизатором и очистителем воздуха Clean Air Vehicle (CAV)', 11, 1464499636, 1466080161, 1),
(20516, 'Аудиосистема Bose 5.1 Surround Sound с 14 динамиками мощностью 372W', 17, 1464499636, 1466080162, 1),
(20517, 'Система кругового обзора AVM + датчики парковки спереди и сзади', 32, 1464499636, 1466080162, 1),
(20518, '20'''' легкосплавные колесные диски с летними шинами 235/55R20', 38, 1464499636, 1466080162, 1),
(20519, 'Двухканальная аудиосистема Hi-Fi 08IT Bose с 12 колонками мощностью 358W и сабвуфером и жестким диском 10ГБ', 17, 1464499639, 1466080163, 1),
(23826, '19" легкосплавные колесные диски 245/45R19', 38, 1466476469, 1466735962, 1),
(23827, 'Диодные повторители поворотов', 43, 1466476470, 1466735963, 1);

-- --------------------------------------------------------

--
-- Table structure for table `car_option_value`
--

CREATE TABLE IF NOT EXISTS `car_option_value` (
  `id_car_option_value` int(8) NOT NULL AUTO_INCREMENT,
  `is_base` tinyint(1) NOT NULL DEFAULT '1',
  `id_car_option` int(8) NOT NULL,
  `id_car_equipment` int(8) NOT NULL,
  `date_create` int(10) unsigned NOT NULL,
  `date_update` int(10) unsigned NOT NULL,
  `id_car_type` int(8) NOT NULL,
  PRIMARY KEY (`id_car_option_value`),
  UNIQUE KEY `id_car_option` (`id_car_option`,`id_car_equipment`,`id_car_type`),
  KEY `id_car_type` (`id_car_type`),
  KEY `date_delete` (`id_car_type`)
) ENGINE=MyISAM  DEFAULT CHARSET=utf8 ROW_FORMAT=COMPACT COMMENT='Значения опций' AUTO_INCREMENT=975066 ;

--
-- Dumping data for table `car_option_value`
--

INSERT INTO `car_option_value` (`id_car_option_value`, `is_base`, `id_car_option`, `id_car_equipment`, `date_create`, `date_update`, `id_car_type`) VALUES
(17476, 1, 2, 282, 1464484345, 0, 1),
(17477, 1, 3, 282, 1464484345, 0, 1),
(17478, 1, 977, 282, 1464484345, 0, 1),
(17479, 1, 978, 282, 1464484345, 0, 1),
(17480, 1, 979, 282, 1464484345, 0, 1),
(17481, 1, 70, 282, 1464484345, 0, 1),
(17482, 1, 980, 282, 1464484345, 0, 1),
(17483, 1, 981, 282, 1464484345, 0, 1),
(17484, 1, 982, 282, 1464484345, 0, 1),
(17485, 1, 759, 282, 1464484345, 0, 1),
(17486, 1, 983, 282, 1464484345, 0, 1),
(17487, 1, 984, 282, 1464484345, 0, 1),
(17488, 1, 985, 282, 1464484345, 0, 1),
(17489, 1, 986, 282, 1464484345, 0, 1),
(17490, 1, 614, 282, 1464484345, 0, 1),
(17491, 1, 987, 282, 1464484345, 0, 1),
(17492, 1, 957, 282, 1464484345, 0, 1),
(17493, 1, 156, 282, 1464484345, 0, 1),
(17494, 1, 494, 282, 1464484345, 0, 1),
(17495, 1, 988, 282, 1464484345, 0, 1),
(17496, 1, 958, 282, 1464484345, 0, 1),
(17497, 1, 989, 282, 1464484345, 0, 1),
(17498, 1, 855, 282, 1464484345, 0, 1),
(17499, 1, 990, 282, 1464484345, 0, 1),
(17500, 1, 991, 282, 1464484345, 0, 1),
(17501, 1, 992, 282, 1464484345, 0, 1),
(17502, 1, 499, 282, 1464484345, 0, 1),
(17503, 1, 253, 282, 1464484345, 0, 1),
(17504, 1, 993, 282, 1464484345, 0, 1),
(17505, 1, 13, 282, 1464484345, 0, 1),
(17506, 1, 994, 282, 1464484345, 0, 1),
(17507, 1, 995, 282, 1464484345, 0, 1),
(17508, 0, 996, 282, 1464484345, 1464845181, 1),
(17509, 0, 997, 282, 1464484345, 1464845182, 1),
(17510, 1, 998, 282, 1464484345, 0, 1),
(17511, 1, 999, 282, 1464484345, 0, 1),
(17512, 1, 1000, 282, 1464484345, 0, 1),
(17513, 1, 19, 282, 1464484345, 0, 1),
(17514, 1, 1001, 282, 1464484346, 0, 1),
(17515, 1, 1002, 282, 1464484346, 0, 1),
(17516, 1, 143, 282, 1464484346, 0, 1),
(17517, 1, 960, 282, 1464484346, 0, 1),
(17518, 1, 1003, 282, 1464484346, 0, 1),
(17519, 1, 83, 282, 1464484346, 0, 1),
(17520, 1, 1004, 282, 1464484346, 0, 1),
(17521, 0, 1005, 282, 1464484346, 1464845182, 1),
(17522, 0, 1006, 282, 1464484346, 1464845182, 1),
(17523, 0, 1007, 282, 1464484346, 1464845182, 1),
(17524, 0, 1008, 282, 1464484346, 1464845182, 1),
(17525, 0, 1009, 282, 1464484346, 1464845182, 1),
(17526, 1, 1010, 282, 1464484346, 0, 1),
(17527, 1, 1011, 282, 1464484346, 0, 1),
(17528, 1, 1012, 282, 1464484346, 0, 1),
(17529, 1, 1013, 282, 1464484346, 0, 1),
(17530, 1, 1014, 282, 1464484346, 0, 1),
(17531, 1, 25, 282, 1464484346, 0, 1),
(17532, 1, 1015, 282, 1464484346, 0, 1),
(17533, 1, 1016, 282, 1464484346, 0, 1),
(17534, 1, 1017, 282, 1464484346, 0, 1),
(17535, 1, 1018, 282, 1464484346, 0, 1),
(17536, 1, 213, 282, 1464484346, 0, 1),
(17537, 1, 31, 282, 1464484346, 0, 1),
(17538, 1, 1019, 282, 1464484346, 0, 1),
(17539, 1, 1020, 282, 1464484346, 0, 1),
(17540, 1, 339, 282, 1464484346, 0, 1),
(17541, 1, 896, 282, 1464484346, 0, 1),
(17542, 1, 1021, 282, 1464484346, 0, 1),
(17543, 1, 185, 282, 1464484346, 0, 1),
(17544, 1, 1022, 282, 1464484346, 0, 1),
(17545, 1, 200, 282, 1464484346, 0, 1),
(17546, 1, 218, 282, 1464484346, 0, 1),
(17547, 1, 1023, 282, 1464484346, 0, 1),
(17548, 1, 1024, 282, 1464484346, 0, 1),
(17549, 1, 1025, 282, 1464484346, 0, 1),
(17550, 1, 1026, 282, 1464484346, 0, 1),
(17551, 1, 455, 282, 1464484346, 0, 1),
(17552, 1, 409, 282, 1464484346, 0, 1),
(17553, 1, 202, 282, 1464484346, 0, 1),
(17554, 1, 36, 282, 1464484346, 0, 1),
(17555, 1, 1027, 282, 1464484346, 0, 1),
(17556, 1, 1028, 282, 1464484346, 0, 1),
(17557, 1, 1029, 282, 1464484346, 0, 1),
(17558, 1, 1030, 282, 1464484346, 0, 1),
(17559, 1, 589, 282, 1464484346, 0, 1),
(17560, 1, 1031, 282, 1464484346, 0, 1),
(17695, 1, 130, 283, 1464484348, 0, 1),
(17696, 1, 1041, 283, 1464484348, 0, 1),
(17697, 1, 1042, 283, 1464484348, 0, 1),
(17698, 1, 901, 283, 1464484348, 0, 1),
(17699, 1, 232, 283, 1464484348, 0, 1),
(17700, 1, 1043, 283, 1464484348, 0, 1),
(17701, 1, 1044, 283, 1464484348, 0, 1),
(17702, 1, 1045, 283, 1464484348, 0, 1),
(17703, 1, 1046, 283, 1464484348, 0, 1),
(17704, 1, 1047, 283, 1464484348, 0, 1),
(17705, 1, 86, 283, 1464484348, 0, 1),
(17706, 1, 1048, 283, 1464484348, 0, 1),
(17707, 1, 472, 283, 1464484348, 0, 1),
(17708, 1, 235, 283, 1464484348, 0, 1),
(17709, 1, 236, 283, 1464484348, 0, 1),
(17710, 1, 1049, 283, 1464484348, 0, 1),
(17711, 1, 216, 283, 1464484348, 0, 1),
(17712, 1, 176, 283, 1464484348, 0, 1),
(17713, 1, 1050, 283, 1464484348, 0, 1),
(17714, 1, 1051, 283, 1464484348, 0, 1),
(17715, 0, 1052, 283, 1464484348, 1464845185, 1),
(17716, 0, 1053, 283, 1464484348, 1464845185, 1),
(17717, 1, 1054, 283, 1464484348, 0, 1),
(17718, 1, 2, 284, 1464484349, 0, 1),
(17719, 1, 3, 284, 1464484349, 0, 1),
(17720, 1, 4, 284, 1464484349, 0, 1),
(17721, 1, 978, 284, 1464484349, 0, 1),
(17722, 1, 70, 284, 1464484349, 0, 1),
(17723, 1, 723, 284, 1464484349, 0, 1),
(17724, 1, 6, 284, 1464484349, 0, 1),
(17725, 1, 1058, 284, 1464484349, 0, 1),
(17726, 1, 759, 284, 1464484349, 0, 1),
(17727, 1, 983, 284, 1464484349, 0, 1),
(17728, 1, 985, 284, 1464484349, 0, 1),
(17729, 1, 1059, 284, 1464484349, 0, 1),
(17730, 1, 7, 284, 1464484349, 0, 1),
(17731, 1, 957, 284, 1464484349, 0, 1),
(17732, 1, 494, 284, 1464484349, 0, 1),
(17733, 1, 9, 284, 1464484349, 0, 1),
(17734, 1, 958, 284, 1464484349, 0, 1),
(17735, 1, 1060, 284, 1464484349, 0, 1),
(17736, 1, 855, 284, 1464484349, 0, 1),
(17737, 1, 1061, 284, 1464484349, 0, 1),
(17738, 1, 1062, 284, 1464484349, 0, 1),
(17739, 1, 252, 284, 1464484349, 0, 1),
(17740, 1, 499, 284, 1464484349, 0, 1),
(17741, 1, 1063, 284, 1464484349, 0, 1),
(17742, 1, 253, 284, 1464484349, 0, 1),
(17743, 1, 993, 284, 1464484349, 0, 1),
(17744, 1, 13, 284, 1464484349, 0, 1),
(17745, 1, 14, 284, 1464484349, 0, 1),
(17746, 1, 15, 284, 1464484349, 0, 1),
(17747, 1, 1064, 284, 1464484349, 0, 1),
(17748, 1, 400, 284, 1464484349, 0, 1),
(17749, 1, 997, 284, 1464484349, 0, 1),
(17750, 1, 861, 284, 1464484349, 0, 1),
(17751, 1, 999, 284, 1464484349, 0, 1),
(17752, 1, 255, 284, 1464484349, 0, 1),
(17753, 1, 1000, 284, 1464484349, 0, 1),
(17754, 1, 19, 284, 1464484349, 0, 1),
(17755, 1, 1065, 284, 1464484349, 0, 1),
(17756, 1, 143, 284, 1464484349, 0, 1),
(17757, 1, 960, 284, 1464484349, 0, 1),
(17758, 1, 1003, 284, 1464484349, 0, 1),
(17759, 1, 1066, 284, 1464484349, 0, 1),
(17760, 1, 83, 284, 1464484349, 0, 1),
(17761, 1, 648, 284, 1464484349, 0, 1),
(17762, 1, 1004, 284, 1464484349, 0, 1),
(17763, 0, 1006, 284, 1464484349, 1464845185, 1),
(17764, 0, 1008, 284, 1464484349, 1464845186, 1),
(17765, 0, 22, 284, 1464484349, 1464845186, 1),
(17766, 1, 1010, 284, 1464484349, 0, 1),
(17767, 1, 1067, 284, 1464484349, 0, 1),
(17768, 0, 25, 284, 1464484349, 1464845186, 1),
(17769, 1, 1068, 284, 1464484349, 0, 1),
(17770, 1, 260, 284, 1464484349, 0, 1),
(17771, 1, 29, 284, 1464484349, 0, 1),
(17772, 1, 513, 284, 1464484349, 0, 1),
(17773, 1, 245, 284, 1464484349, 0, 1),
(17774, 1, 213, 284, 1464484349, 0, 1),
(17775, 1, 31, 284, 1464484349, 0, 1),
(17776, 1, 552, 284, 1464484349, 0, 1),
(17777, 1, 1019, 284, 1464484349, 0, 1),
(17778, 1, 1020, 284, 1464484349, 0, 1),
(17779, 1, 896, 284, 1464484349, 0, 1),
(17780, 1, 1069, 284, 1464484349, 0, 1),
(17781, 1, 200, 284, 1464484349, 0, 1),
(17782, 1, 218, 284, 1464484349, 0, 1),
(17783, 1, 1070, 284, 1464484349, 0, 1),
(17784, 1, 407, 284, 1464484349, 0, 1),
(17785, 1, 33, 284, 1464484349, 0, 1),
(17786, 1, 1071, 284, 1464484349, 0, 1),
(17787, 1, 162, 284, 1464484349, 0, 1),
(17788, 1, 455, 284, 1464484349, 0, 1),
(17789, 1, 1072, 284, 1464484349, 0, 1),
(17790, 1, 35, 284, 1464484349, 0, 1),
(17791, 1, 1057, 284, 1464484349, 0, 1),
(17792, 1, 1073, 284, 1464484349, 0, 1),
(17793, 1, 264, 284, 1464484349, 0, 1),
(17794, 1, 1074, 284, 1464484349, 0, 1),
(17795, 1, 1075, 284, 1464484349, 0, 1),
(17796, 1, 1027, 284, 1464484349, 0, 1),
(17797, 1, 1030, 284, 1464484349, 0, 1),
(17798, 1, 589, 284, 1464484349, 0, 1),
(17799, 1, 636, 284, 1464484349, 0, 1),
(17800, 1, 1032, 284, 1464484349, 0, 1),
(17801, 1, 1033, 284, 1464484349, 0, 1),
(17802, 1, 1076, 284, 1464484349, 0, 1),
(17803, 1, 620, 284, 1464484349, 0, 1),
(17804, 1, 945, 284, 1464484349, 0, 1),
(17805, 1, 1077, 284, 1464484349, 0, 1),
(17806, 1, 1038, 284, 1464484349, 0, 1),
(17807, 1, 1078, 284, 1464484349, 0, 1),
(17808, 1, 1079, 284, 1464484349, 0, 1),
(17809, 1, 1040, 284, 1464484349, 0, 1),
(17810, 1, 78, 284, 1464484349, 0, 1),
(17811, 1, 558, 284, 1464484349, 0, 1),
(17812, 1, 130, 284, 1464484349, 0, 1),
(17813, 1, 1041, 284, 1464484349, 0, 1),
(17814, 1, 266, 284, 1464484349, 0, 1),
(17815, 1, 901, 284, 1464484349, 0, 1),
(17816, 1, 232, 284, 1464484349, 0, 1),
(17817, 1, 1043, 284, 1464484349, 0, 1),
(17818, 1, 722, 284, 1464484349, 0, 1),
(17819, 1, 1046, 284, 1464484349, 0, 1),
(17820, 1, 1047, 284, 1464484349, 0, 1),
(17821, 1, 86, 284, 1464484349, 0, 1),
(17822, 1, 1048, 284, 1464484349, 0, 1),
(17823, 1, 1080, 284, 1464484349, 0, 1),
(17824, 1, 1081, 284, 1464484349, 0, 1),
(17825, 1, 235, 284, 1464484349, 0, 1),
(17826, 1, 236, 284, 1464484349, 0, 1),
(17827, 1, 216, 284, 1464484349, 0, 1),
(17828, 1, 1082, 284, 1464484349, 0, 1),
(17829, 1, 664, 284, 1464484349, 0, 1),
(17830, 1, 1083, 284, 1464484349, 0, 1),
(17831, 1, 1084, 284, 1464484349, 0, 1),
(17832, 1, 176, 284, 1464484349, 0, 1),
(17833, 1, 1050, 284, 1464484349, 0, 1),
(17834, 1, 627, 284, 1464484349, 0, 1),
(17835, 1, 181, 284, 1464484349, 0, 1),
(17836, 1, 2, 285, 1464484350, 0, 1),
(17837, 1, 3, 285, 1464484350, 0, 1),
(17838, 1, 4, 285, 1464484350, 0, 1),
(17839, 1, 978, 285, 1464484350, 0, 1),
(17840, 1, 70, 285, 1464484350, 0, 1),
(17841, 1, 723, 285, 1464484350, 0, 1),
(17842, 1, 6, 285, 1464484350, 0, 1),
(17843, 1, 1058, 285, 1464484350, 0, 1),
(17844, 1, 759, 285, 1464484350, 0, 1),
(17845, 1, 983, 285, 1464484350, 0, 1),
(17846, 1, 985, 285, 1464484350, 0, 1),
(17847, 1, 1059, 285, 1464484350, 0, 1),
(17848, 1, 7, 285, 1464484350, 0, 1),
(17849, 1, 957, 285, 1464484350, 0, 1),
(17850, 1, 494, 285, 1464484350, 0, 1),
(17851, 1, 9, 285, 1464484350, 0, 1),
(17852, 1, 958, 285, 1464484350, 0, 1),
(17853, 1, 1060, 285, 1464484350, 0, 1),
(17854, 1, 855, 285, 1464484350, 0, 1),
(17855, 1, 1061, 285, 1464484350, 0, 1),
(17856, 1, 1062, 285, 1464484350, 0, 1),
(17857, 1, 252, 285, 1464484350, 0, 1),
(17858, 1, 499, 285, 1464484350, 0, 1),
(17859, 1, 1063, 285, 1464484350, 0, 1),
(17860, 1, 253, 285, 1464484350, 0, 1),
(17861, 1, 993, 285, 1464484350, 0, 1),
(17862, 1, 13, 285, 1464484350, 0, 1),
(17863, 1, 14, 285, 1464484350, 0, 1),
(17864, 1, 15, 285, 1464484350, 0, 1),
(17865, 1, 1064, 285, 1464484350, 0, 1),
(17866, 1, 400, 285, 1464484350, 0, 1),
(17867, 1, 997, 285, 1464484350, 0, 1),
(17868, 1, 861, 285, 1464484350, 0, 1),
(17869, 1, 999, 285, 1464484350, 0, 1),
(17870, 1, 1000, 285, 1464484350, 0, 1),
(17871, 1, 19, 285, 1464484350, 0, 1),
(17872, 1, 1065, 285, 1464484350, 0, 1),
(17873, 1, 143, 285, 1464484350, 0, 1),
(17874, 1, 960, 285, 1464484350, 0, 1),
(17875, 1, 1003, 285, 1464484350, 0, 1),
(17876, 1, 1066, 285, 1464484350, 0, 1),
(17877, 1, 83, 285, 1464484350, 0, 1),
(17878, 1, 648, 285, 1464484350, 0, 1),
(17879, 1, 1004, 285, 1464484350, 0, 1),
(17880, 0, 1006, 285, 1464484350, 1464845187, 1),
(17881, 0, 1008, 285, 1464484350, 1464845187, 1),
(17882, 0, 22, 285, 1464484350, 1464845187, 1),
(17883, 1, 1010, 285, 1464484350, 0, 1),
(17884, 1, 1067, 285, 1464484350, 0, 1),
(50272, 20214, 'Седан', 1463310019, NULL, 10284, 1);

-- --------------------------------------------------------

--
-- Table structure for table `car_type`
--

CREATE TABLE IF NOT EXISTS `car_type` (
  `id_car_type` int(8) NOT NULL AUTO_INCREMENT,
  `name` varchar(255) NOT NULL,
  PRIMARY KEY (`id_car_type`)
) ENGINE=MyISAM  DEFAULT CHARSET=utf8 COMMENT='Автомобильный сайт' AUTO_INCREMENT=2 ;

--
-- Dumping data for table `car_type`
--

INSERT INTO `car_type` (`id_car_type`, `name`) VALUES
(1, 'легковые');

/*!40101 SET CHARACTER_SET_CLIENT=@OLD_CHARACTER_SET_CLIENT */;
/*!40101 SET CHARACTER_SET_RESULTS=@OLD_CHARACTER_SET_RESULTS */;
/*!40101 SET COLLATION_CONNECTION=@OLD_COLLATION_CONNECTION */;
